{
    "label": "cam_motion.camera_centric_movement.roll_counterclockwise.has_roll_counterclockwise",
    "label_name": "Has Counterclockwise Roll Movement",
    "definition": "Does the camera roll counterclockwise?",
    "pos": [
        "-LQfHIGj-Uc.0.0.mp4",
        "BNzc6hG3yN4.1.5.mp4",
        "h5U50ZsFUaY.0.1.mp4",
        "xhrAGJviQJA.1.1.mp4",
        "JGiXuXc3cao.11.2.mp4",
        "EimYM1xxBys.3.2.mp4",
        "17d79cf8-1924-4566-b8a2-54e41f14b5ea.6.mp4",
        "oRt5NPY7yYA.4.2.mp4",
        "ttZAdY3n4nc.3.1.mp4",
        "0ee7846a-a921-4acd-abe0-f574368393bd.mp4",
        "87325f5d-c6e4-4815-814a-f4a8c9ed2dcb.mp4",
        "944e92c4-7dc2-483e-a734-71a7f8e50768.mp4",
        "bc5ffa42-442c-4d55-9d00-ff04b678fc39.mp4",
        "0b4882ad-c59f-4144-855a-f1fd9009f34b.mp4",
        "49d335fc-8e90-49b2-a39a-a52234d77e14.mp4",
        "abae2418-13cf-4226-834e-b2b449c84a17.mp4",
        "bbfcf730-9b9b-4794-9760-aba13b084599.mp4",
        "2a5d3c9e-7574-440f-b695-d173e8048cf1.mp4",
        "32883a58-f203-40e6-8f7e-e162d631cd9d.mp4",
        "70dcfd90-651c-4e10-90b1-71c7e8af6ffb.mp4",
        "850dc5f0-55aa-4c12-98e2-adb65305a7c4.mp4",
        "8918259d-c9ec-4b03-ac47-efa786d25cdd.mp4",
        "a5cb7e65-d163-49da-9521-22c2977473fe.mp4",
        "b18232c0-4213-4161-a231-20220e4db3de.mp4",
        "dd28a5c8-e891-4647-8f2f-03bb4a2dab6a.mp4",
        "e8744f79-88f8-4fbc-9464-be7209577356.mp4",
        "11604671-8b9b-44a1-a628-6710c6e7fb81.mp4",
        "68b62e9d-4058-4cc6-9c57-d0b5b48697b9.mp4",
        "936f244a-18c2-4d71-a11d-040bebfc50c6.mp4",
        "bb8edc40-a3d8-43eb-95d1-0bcb389a4909.mp4",
        "d90e8d1f-ca8b-4bba-ab48-b7aed641886e.mp4",
        "ffc0b611-9f9d-4a3d-8d6f-13e7457176f4.mp4",
        "1ef87cf6-d9b1-4658-8030-98df4fc1f05f.mp4",
        "441c9a01-afce-427c-beb4-55cda7e5df52.mp4",
        "L6-3gpYKbws_0333_0337.mp4",
        "M0jmSsQ5ptw.0.1.mp4",
        "091b7a4b-29e9-4653-b254-9e048a7ace93.mp4",
        "yGsVo0uIJVs.2.8.mp4",
        "8iZ8RtiJq14.1.3.mp4",
        "-u5CTkgJVgA_182_185.mp4",
        "453446312_92_94.mp4",
        "K3RC3BIsNjw_0.mp4",
        "me6BgmeTH3k_1.mp4",
        "GVr8pZmSa-c.4.2.mp4",
        "JGiXuXc3cao.5.1.mp4",
        "GVr8pZmSa-c.5.4.mp4",
        "BV7Q0zYDO9I.0.2.mp4",
        "bCowyYPCYts.0.1.mp4",
        "upC8hjr2b4g.14.1.mp4",
        "17d79cf8-1924-4566-b8a2-54e41f14b5ea.3.mp4",
        "J5Pnh0UcNxg.2.0.mp4",
        "LtXUoaZcp70.7.0.mp4",
        "wIYD42DV3Ro.0.2.mp4",
        "Gel59Iy3YhQ.52.5.mp4",
        "6bcc1d04931deb5549253523998da524d73587e19f99d9bb517ce879d84bb938.0.mp4",
        "2aU6O-hbhmI.0.13.mp4",
        "hHG1wva1B0w.5.0.mp4",
        "2aU6O-hbhmI.0.22.mp4",
        "1470.0.39.mp4",
        "17d79cf8-1924-4566-b8a2-54e41f14b5ea.14.mp4",
        "307.2.11.mp4",
        "mIiPt1YVkP8.6.3.mp4",
        "LtXUoaZcp70.3.3.mp4",
        "Wwndsgg7_DU.13.0.mp4",
        "6303.0.17.mp4",
        "17d79cf8-1924-4566-b8a2-54e41f14b5ea.10.mp4",
        "8iZ8RtiJq14.5.1.mp4",
        "6303.0.15.mp4",
        "-FGVJS3rT80.2.1.mp4",
        "D-AFZempONw.0.4.mp4",
        "17d79cf8-1924-4566-b8a2-54e41f14b5ea.24.mp4",
        "1560.0.15.mp4",
        "GVr8pZmSa-c.1.3.mp4",
        "VKre9_wM3Mo.3.3.mp4",
        "1560.0.14.mp4",
        "KdfhMulBsyk.5.1.mp4",
        "BV7Q0zYDO9I.4.2.mp4",
        "IyTv_SR2uUo.2.9.mp4",
        "2KuVjf4uB9k.0.13.mp4",
        "jVtnuLL2Kqs.0.16.mp4",
        "lkAGyeDKxG4.0.2.mp4",
        "W4l_O9DZC3w.0.4.mp4",
        "IyTv_SR2uUo.2.4.mp4",
        "VYea_nN8thI.0.2.mp4",
        "lkAGyeDKxG4.0.4.mp4",
        "QaRnEZFM6ZQ.2.4.mp4",
        "u35WIs62R2M.3.3.mp4",
        "upC8hjr2b4g.12.5.mp4",
        "t2_J-RVP7EM.10.0.mp4",
        "xEo1cgaU3VE.0.18.mp4",
        "0OFBj7EjZ-g.5.3.mp4",
        "t2_J-RVP7EM.9.2.mp4",
        "1560.0.3.mp4",
        "QMlfVwN3iTw.0.2.mp4",
        "0LCrNFZH8es.2.1.mp4",
        "Vm-b2AVwARw.3.5.mp4",
        "4422.0.22.mp4",
        "CBRwF0LU3Ys.0.2.mp4",
        "03hvbnE0asg.0.0.mp4",
        "wIYD42DV3Ro.0.4.mp4",
        "hHG1wva1B0w.1.0.mp4",
        "1U2aVQDbJ3o.0.1.mp4",
        "CBRwF0LU3Ys.0.0.mp4",
        "KoJ0Pih0Ssc.3.1.mp4",
        "4878130c6aa6e5ccd635c9704822fc14d2739940a5328e08c96bc644e8e8e484.0.mp4",
        "3epU697sU9E.10.3.mp4",
        "ZADlkbr7Avg.6.7.mp4",
        "3205787.4.mp4",
        "JGiXuXc3cao.3.4.mp4",
        "KdfhMulBsyk.1.4.mp4",
        "mIiPt1YVkP8.4.3.mp4",
        "sJsu7Tv-fRY.0.1.mp4",
        "Vm-b2AVwARw.5.0.mp4",
        "B_8bbKn3amE.0.2.mp4",
        "QaRnEZFM6ZQ.2.8.mp4",
        "1U2aVQDbJ3o.0.5.mp4",
        "fP5UM4elIes.1.1.mp4",
        "MQugcNLFI9k.1.10.mp4"
    ],
    "neg": [
        "6PrdQBuXyxQ.0.4.mp4",
        "9JBMpzW_B58.6.0.mp4",
        "jVtnuLL2Kqs.0.14.mp4",
        "LbY3DdzV0rA.2.5.mp4",
        "LbY3DdzV0rA.3.7.mp4",
        "oJDzh2mVBms.1.0.mp4",
        "oJDzh2mVBms.1.3.mp4",
        "pGtjz4v0EE8.0.13.mp4",
        "pGtjz4v0EE8.0.14.mp4",
        "pGtjz4v0EE8.0.7.mp4",
        "qU7YXMAicK4.0.10.mp4",
        "qU7YXMAicK4.0.5.mp4",
        "qU7YXMAicK4.0.7.mp4",
        "tpKEmBQieVo.0.3.mp4",
        "xhrAGJviQJA.0.4.mp4",
        "xhrAGJviQJA.1.2.mp4",
        "xhrAGJviQJA.1.6.mp4",
        "yIxnb1SaT14.0.12.mp4",
        "yIxnb1SaT14.0.19.mp4",
        "yIxnb1SaT14.0.3.mp4",
        "yIxnb1SaT14.0.4.mp4",
        "yIxnb1SaT14.0.5.mp4",
        "yIxnb1SaT14.0.6.mp4",
        "yIxnb1SaT14.0.9.mp4",
        "JpEfHcVrtXI.5.3.mp4",
        "9H942RAVrHQ.0.1.mp4",
        "h5U50ZsFUaY.1.0.mp4",
        "4422.0.9.mp4",
        "1194c98bc5d77ed5763a745d52e227e7bff94fd535e0c0ff9b4472e83e7cb752.1.mp4",
        "3HYfPz8lvDI.2.2.mp4",
        "0OFBj7EjZ-g.0.5.mp4",
        "0Pzq0URbL2M.3.2.mp4",
        "88vmzn_LufA.3.3.mp4",
        "vEvBpjCOBu0.0.3.mp4",
        "i82xURPkLWo.3.15.mp4",
        "4uGfFYzxWEg.1.0.mp4",
        "4uGfFYzxWEg.1.2.mp4",
        "5454.1.5.mp4",
        "5933.2.5.mp4",
        "LNHBMFCzznE.5.14.mp4",
        "pGtjz4v0EE8.1.8.mp4",
        "qU7YXMAicK4.0.3.mp4",
        "qU7YXMAicK4.0.4.mp4",
        "qU7YXMAicK4.0.6.mp4",
        "rjTCFuEL3qM.0.1.mp4",
        "T3OfWBxWRhE.0.8.mp4",
        "TP_0Vv5F29I.1.1.mp4",
        "VKre9_wM3Mo.2.2.mp4",
        "qU7YXMAicK4.0.14.mp4",
        "tpKEmBQieVo.0.6.mp4",
        "yIxnb1SaT14.0.1.mp4",
        "AHrCI9eSJGQ.1.0.mp4",
        "iSTYnbRv4AQ.0.3.mp4",
        "IyTv_SR2uUo.1.10.mp4",
        "oJDzh2mVBms.0.2.mp4",
        "qMeHR2Dc4mQ.0.0.mp4",
        "qU7YXMAicK4.0.11.mp4",
        "qU7YXMAicK4.0.12.mp4",
        "rGfDPpztcII.0.3.mp4",
        "tpKEmBQieVo.0.1.mp4",
        "xhrAGJviQJA.0.7.mp4",
        "yIxnb1SaT14.0.21.mp4",
        "yIxnb1SaT14.0.22.mp4",
        "yIxnb1SaT14.0.23.mp4",
        "yIxnb1SaT14.0.8.mp4",
        "Ao4Y7JU30zc.0.1.mp4",
        "DEypDAnnJL0.5.1.mp4",
        "fSWFUFdV5TU.0.3.mp4",
        "5679.1.11.mp4",
        "y51VUsotZe4.16.2.mp4",
        "RZs5Hz1klno.8.2.mp4",
        "VKre9_wM3Mo.1.4.mp4",
        "4uGfFYzxWEg.4.5.mp4",
        "MK_p4kzcPVY.0.0.mp4",
        "1aa6095ed461f823bd3187040dadd0b56d7340389fa26f691bc611f2da6e7cb8.0.mp4",
        "ScH9bCyqJ6s.6.0.mp4",
        "yGsVo0uIJVs.1.9.mp4",
        "RZs5Hz1klno.1.5.mp4",
        "upC8hjr2b4g.8.2.mp4",
        "3036.0.13.mp4",
        "gooWdc6kb80.0.7.mp4",
        "xBFcUI4z0Wk.5.mp4",
        "JDaw5I_5hPk.0.8.mp4",
        "1470.0.3.mp4",
        "1934.1.17.mp4",
        "7jUW96CiEKA.8.1.mp4",
        "d_T0KPYgqMA.0.1.mp4",
        "Gel59Iy3YhQ.14.0.mp4",
        "IWv0EhEGmNI.0.0.mp4",
        "r-BCbF55fxo.0.4.mp4",
        "VS66VOUmoKQ.0.1.mp4",
        "yQLgp8trSDc.0.1.mp4",
        "ZkLQqywiwlY.0.1.mp4",
        "b062HCL3mnQ.0.0.mp4",
        "LtXUoaZcp70.4.4.mp4",
        "ti231UvSvfQ.1.2.mp4",
        "vEvBpjCOBu0.3.3.mp4",
        "qYztDs8vPBg.0.3.mp4",
        "k6ghI7lzJYk.5.mp4",
        "RYzkI_5ub58.8.8.mp4",
        "VaSlqE0Nx2Q.11.0.mp4",
        "0OFBj7EjZ-g.2.5.mp4",
        "PIvOfcR77SQ.0.5.mp4",
        "upC8hjr2b4g.2.2.mp4",
        "DEypDAnnJL0.1.3.mp4",
        "kxcw0iSn0xw.4.5.mp4",
        "mIiPt1YVkP8.9.2.mp4",
        "TktL3QR8Yg8.0.3.mp4",
        "xBFcUI4z0Wk.0.mp4",
        "27c62076f8bb58d5afbe04144dc3e34742a5e4c5e0d72a385937056320b3bc9e.0.mp4",
        "6303.0.27.mp4",
        "Gel59Iy3YhQ.44.0.mp4",
        "KF5p8VIbt0Y.2.0.mp4",
        "lz5xvWTodyw.2.1.mp4",
        "w-HYZv6HzAs.3.0.mp4",
        "u-dEnJpCGAQ.165.2.mp4",
        "u-dEnJpCGAQ.165.5.mp4",
        "4uGfFYzxWEg.8.1.mp4",
        "190.2.6.mp4",
        "_6DLjNKtENQ.0.6.mp4",
        "6nC177EtKDw.0.1.mp4",
        "7jUW96CiEKA.8.8.mp4",
        "D-AFZempONw.0.0.mp4",
        "mIiPt1YVkP8.13.2.mp4",
        "RolttrarOOA.0.5.mp4",
        "upC8hjr2b4g.0.1.mp4",
        "VaSlqE0Nx2Q.12.2.mp4",
        "5454.1.18.mp4",
        "opXBWdk-mbQ.0.4.mp4",
        "338.2.30.mp4",
        "i82xURPkLWo.3.4.mp4",
        "mIiPt1YVkP8.1.3.mp4",
        "Vm-b2AVwARw.1.2.mp4",
        "vEvBpjCOBu0.3.2.mp4",
        "7jUW96CiEKA.8.2.mp4",
        "bPZc7avrCT4.2.2.mp4",
        "bX8GaZ3O4-Q.0.3.mp4",
        "FV7PVgF3jz4.0.4.mp4",
        "H4AZhS5WqKk.0.4.mp4",
        "ti231UvSvfQ.13.0.mp4",
        "9H942RAVrHQ.0.0.mp4",
        "Gel59Iy3YhQ.2.0.mp4",
        "ScH9bCyqJ6s.5.2.mp4",
        "88vmzn_LufA.6.2.mp4",
        "bPZc7avrCT4.2.1.mp4",
        "Kzy3n-8A-vA.0.2.mp4",
        "uWCGK4nneeU.5.6.mp4",
        "VaSlqE0Nx2Q.2.1.mp4",
        "0UthxdAH0ks.7.1.mp4",
        "qXByUNAe_58.0.0.mp4",
        "027bd84e297a500c52d35ab4a67f37e62007e76483baad5687496911e441d65d.4.mp4",
        "1018.1.4.mp4",
        "3877.0.1.mp4",
        "3epU697sU9E.11.1.mp4",
        "4080.2.19.mp4",
        "4080.2.6.mp4",
        "4PcpGxihPac.2.4.mp4",
        "8LiVGDq01FU.0.0.mp4",
        "as8lT-q2_E8.0.0.mp4",
        "BV7Q0zYDO9I.5.5.mp4",
        "Gel59Iy3YhQ.12.3.mp4",
        "lTxn2BuqyzU.0.0.mp4",
        "pVbxm3ZJ5yk.0.3.mp4",
        "SXe40DWaA6A.0.1.mp4",
        "zk-eY5S1Nck.0.0.mp4",
        "vEvBpjCOBu0.7.3.mp4",
        "7jUW96CiEKA.0.1.mp4",
        "8ouj_JN2ytI.0.27.mp4",
        "as8lT-q2_E8.3.0.mp4",
        "bX8GaZ3O4-Q.3.14.mp4",
        "d_T0KPYgqMA.0.2.mp4",
        "ZXloF-qGW4U.0.4.mp4",
        "1470.0.7.mp4",
        "ZpJpZGktliQ.0.0.mp4",
        "Zv11L-ZfrSg.5.0.mp4",
        "5e5ef4541835cc6ffc817c5dd4eb7f240d200553b3eed64782d61ccde60d4ade.1.mp4",
        "2530.0.9.mp4",
        "A_StkRKB1jU.0.2.mp4",
        "KF5p8VIbt0Y.3.2.mp4",
        "pfGEdmZyVyY.1.2.mp4",
        "0108be45cf622d43906bcbf54ac07de8a9db39ec6a00fadb2e396e9df3c4f344.0.mp4",
        "i82xURPkLWo.3.7.mp4",
        "BV7Q0zYDO9I.3.1.mp4",
        "xo9p8p6deRI.1.3.mp4",
        "LZkl0_9xFOU.3.4.mp4",
        "9H942RAVrHQ.0.2.mp4",
        "Gel59Iy3YhQ.41.1.mp4",
        "1934.1.26.mp4",
        "5qKYrajRNwo.3.3.mp4",
        "hHG1wva1B0w.0.3.mp4",
        "M0jmSsQ5ptw.3.12.mp4",
        "mixkit-aerial-tour-around-a-coastline-on-a-sunny-day-38873.0.mp4",
        "OCBYMQzG44U.2.1.mp4",
        "oRt5NPY7yYA.1.7.mp4",
        "y51VUsotZe4.0.0.mp4",
        "i82xURPkLWo.3.6.mp4",
        "WHgh2ajazTw.8.2.mp4",
        "6303.0.2.mp4",
        "mixkit-houses-in-a-forest-during-winter-2598.0.mp4",
        "9a8a4d0688ffc6b5cb61bc3323634f3dbfbb310ad20130cf56762bfc113e44ed.0.mp4",
        "toXyCmbHl3w.0.1.mp4",
        "i82xURPkLWo.3.11.mp4",
        "05814ccff31cbb051d787af6ae9375a563994d5cad18355c4d0f154f25f5d9cc.0.mp4",
        "3877.0.13.mp4",
        "H4AZhS5WqKk.2.11.mp4",
        "0Pzq0URbL2M.1.1.mp4",
        "1470.0.6.mp4",
        "3epU697sU9E.9.8.mp4",
        "DEypDAnnJL0.6.3.mp4",
        "eWpsukBVJAI.0.0.mp4",
        "u5lhJHUwvOs.4.1.mp4",
        "0BmANHSUbJg.3.3.mp4",
        "2aU6O-hbhmI.0.6.mp4",
        "IWv0EhEGmNI.16.7.mp4",
        "OCBYMQzG44U.2.22.mp4",
        "RZs5Hz1klno.3.3.mp4",
        "0u4NY-YtVII.2.7.mp4",
        "0nTO4zSEpOs.5.8.mp4",
        "tCRbVEGHZlQ.0.3.mp4",
        "5eDQ2SSsmEk.10.0.mp4",
        "1470.0.28.mp4",
        "1497.1.3.mp4",
        "273fa93701368cbbc9cb9e32cca477550bf523cb497c863c391630230c696ce6.0.mp4",
        "5679.1.13.mp4",
        "KI2lsdXJQ40.0.11.mp4",
        "qYztDs8vPBg.3.0.mp4",
        "113fbabd14f92b6324797205502d698d4f5dc7c09972a256400394e474a1e6e2.0.mp4",
        "67bfa4eec893c10cba8c4fb180735bf8adc0c7de5a0cfe1ee9d1c1b44c2e56c8.0.mp4",
        "7O1eibuPn84.3.1.mp4",
        "molA_wwvFbk.1.0.mp4",
        "Gel59Iy3YhQ.15.3.mp4",
        "molA_wwvFbk.0.0.mp4",
        "8iZ8RtiJq14.3.3.mp4",
        "LI7i6DQfh0o.0.1.mp4",
        "3923c396290520b6dcedf49397a06682322bd225007879cdd4fa2b144116c293.0.mp4",
        "61.1.3.mp4",
        "gKGK0udq8i8.0.2.mp4",
        "sguYb2y3u6w.2.mp4",
        "ti231UvSvfQ.10.3.mp4",
        "8iZ8RtiJq14.12.3.mp4",
        "tSWQjrHHS1o.1.2.mp4",
        "1470.0.42.mp4",
        "3209176.0.mp4",
        "6goFffJ244U.7.0.mp4",
        "fT6olrwrjnI.5.2.mp4",
        "fUjoIUTFH1I.0.21.mp4",
        "JDaw5I_5hPk.0.24.mp4",
        "OrOYvVf6tIM.2.1.mp4",
        "TvRhfaouBHs.0.0.mp4",
        "5qKYrajRNwo.2.8.mp4",
        "3877.0.15.mp4",
        "GVr8pZmSa-c.6.4.mp4",
        "1497.1.13.mp4",
        "0Pzq0URbL2M.0.3.mp4",
        "2519.5.2.mp4",
        "4080.2.29.mp4",
        "4847.13.1.mp4",
        "4PcpGxihPac.2.2.mp4",
        "5eDQ2SSsmEk.10.2.mp4",
        "5qKYrajRNwo.2.1.mp4",
        "6d270d88db28043321dd8a3e0e6204ce7aac74c6fd8916e0b244626e531f2733.5.mp4",
        "guZ5AxQ6xb0.0.3.mp4",
        "LZkl0_9xFOU.11.1.mp4",
        "upC8hjr2b4g.9.4.mp4",
        "VaSlqE0Nx2Q.9.4.mp4",
        "YBC2JaevzOI.6.2.mp4",
        "5eDQ2SSsmEk.6.6.mp4",
        "bX8GaZ3O4-Q.3.4.mp4",
        "7jUW96CiEKA.3.1.mp4",
        "181a170a-67dc-4426-9aff-9e1c40e4fa7e.mp4",
        "68f13335-579b-46f9-ae13-92669d1e0f26.mp4",
        "7ddef973-a6b1-4b21-b14f-f9e644e618d3.mp4",
        "8cd277fe-7907-4159-bc44-7988cfb7ecf7.mp4",
        "954b9c35-1ab1-4cba-a0b2-899c25c5cd40.mp4",
        "a925abda-67a9-4df8-a6d1-c2ad4d8ab6f9.mp4",
        "eaa6b19e-b7cd-4b58-9b42-947b5ab692d4.mp4",
        "NiXjr-wQCy0_0023_0043.mp4",
        "NiXjr-wQCy0_0045_0054.mp4",
        "NiXjr-wQCy0_0130_0142.mp4",
        "NiXjr-wQCy0_0226_0240.mp4",
        "XPPcA1hAfp4_4038_4048.mp4",
        "XPPcA1hAfp4_4112_4122.mp4",
        "281308fe-c0d6-4fd5-a4a5-d5b4957caf41.mp4",
        "3575949f-313a-47c2-8260-652e64e93189.mp4",
        "4b3f79da-1789-4c50-b111-2df3d1fb7475.mp4",
        "6dc8cef6-e02f-4b5b-9487-6850402e806e.mp4",
        "8db12456-8e4a-4947-8aed-304d5d860803.mp4",
        "aa935da4-8a41-4f6a-9519-46e6cd9ce16c.mp4",
        "bab66844-8d95-4389-bf6a-d655af3962fc.mp4",
        "d23e87a5-b371-4931-8c7c-2f94d3c014a0.mp4",
        "NiXjr-wQCy0_0201_0211.mp4",
        "NiXjr-wQCy0_0214_0224.mp4",
        "165671d5-369f-4c4c-a414-925248dd0d5a.mp4",
        "31e86347-9bea-4ad3-9f52-81c733388337.mp4",
        "405ac5ab-a9e8-49ea-8f3f-1e0f7c3c3145.mp4",
        "79098896-c181-423e-83dd-c474075e43fb.mp4",
        "9d3ebba5-ee64-4778-94af-649ad29f5f3d.mp4",
        "d3ce3300-b4c1-4d54-b7ea-1f010fe27a3d.mp4",
        "d99d6779-e3aa-4823-b708-4b57dc8cdce4.mp4",
        "ff36211c-0fb9-49cc-80de-4157e5e259ef.mp4",
        "NiXjr-wQCy0_0010_0020.mp4",
        "NiXjr-wQCy0_0112_0127.mp4",
        "58b05213-05fc-4019-9e66-e50d56bfea32.mp4",
        "7f7fa8d9-f66d-45cd-bd13-f35eaf5a1b4f.mp4",
        "8746c726-cfe9-4024-967e-a2caae4e6f74.mp4",
        "9ec9a619-ba2c-41b9-849d-9d6cd4f138fe.mp4",
        "a06744d4-f008-42a9-b848-ec547f045966.mp4",
        "c3195238-4edb-4afa-8ef2-a36e6337c95a.mp4",
        "e7492e49-803b-4259-8ddb-944195a9e4f7.mp4",
        "uZudawXgnZ8_3018_3028.mp4",
        "uZudawXgnZ8_3302_3312.mp4",
        "7fc7e5a7-0b55-4236-a160-fee3b77a175c.mp4",
        "8T1ZTYtfhI0_0836_0841.mp4",
        "b59579c4-b3d3-4de9-bc8f-492053321925.mp4",
        "bb550231-7893-4595-bebf-40495e88c6f6.mp4",
        "Jack-Harlow_First-Class.mp4",
        "radiohead_daydreaming_1173.mp4",
        "zPG5UNAKQRU_0048_0052.mp4",
        "15ee4487-29d5-4de3-a936-ac80177668ba.mp4",
        "5dabdfd9-81dc-49d3-8de2-e6de9f495d0c.mp4",
        "603530ac-d3a6-4edb-8936-66ae5b56d1da.mp4",
        "6fef28c0-c764-4fcb-9b2b-c085a099dae6.mp4",
        "7ff7cfcb-1c45-41cc-ad42-7cae304eb35d.mp4",
        "809bdaba-5af2-4cd0-8516-5a4477c48d84.mp4",
        "84e87490-37d7-4482-97d3-a405faf3ca1b.mp4",
        "984ae8e1-b906-40cb-9c47-bb8349a11b87.mp4",
        "acd23c60-455f-4b82-b222-1f420b15301c.mp4",
        "e493c77f-4f26-43e7-9c22-07b01bc835dc.mp4",
        "EfwpyMk8U4M_0009_0012.mp4",
        "iAZvLA_K94w_0009_0011.mp4",
        "iAZvLA_K94w_0153_0155.mp4",
        "iAZvLA_K94w_0625_0633.mp4",
        "qL6YzAtK-24_0001_0006.mp4",
        "R994JUx7PJ8_0047_0051.mp4",
        "wG49Htk6D7s_0001_0012.mp4",
        "yqg-83xjQo8_0005_0008.mp4",
        "00ZNvOMUe0o_0240_0243.mp4",
        "00ZNvOMUe0o_0243_0240.mp4",
        "00ZNvOMUe0o_0243_0246.mp4",
        "00ZNvOMUe0o_0246_0243.mp4",
        "0a865584-1dd5-4800-b777-f8a51e5fa86f.mp4",
        "0c108846-de17-449a-ba11-c7c0c0e7cc5c.mp4",
        "0CGA_2HFWnU_0001_0005.mp4",
        "0CGA_2HFWnU_0005_0001.mp4",
        "0CGA_2HFWnU_0005_0009.mp4",
        "0CGA_2HFWnU_0009_0005.mp4",
        "0CGA_2HFWnU_0009_0014.mp4",
        "0CGA_2HFWnU_0014_0009.mp4",
        "0CGA_2HFWnU_0014_0018.mp4",
        "0CGA_2HFWnU_0018_0014.mp4",
        "0CGA_2HFWnU_0018_0022.mp4",
        "0CGA_2HFWnU_0022_0018.mp4",
        "0cPttlrDnus_0000_0004.mp4",
        "0cPttlrDnus_0004_0000.mp4",
        "0cPttlrDnus_0004_0008.mp4",
        "0cPttlrDnus_0008_0004.mp4",
        "18674676-4f2b-4363-9652-38d6c9ce42d6.mp4",
        "1875e6d0-fe0c-45ba-adcc-50175c6def95.mp4",
        "1b8f06ed-9832-47dc-90ee-de612ba13ebf.mp4",
        "1ec985b9-3d04-4585-a881-3ba2b267ab4d.mp4",
        "34545bf9-922f-4a9f-91b1-cd9ecfe4b592.mp4",
        "3581c135-b985-44e3-a125-44985119670c.mp4",
        "43bd9dd2-a860-47b6-8ea2-be7e86bed6a5.mp4",
        "616177a2-97fc-4336-999e-dd0cc6b778e8.mp4",
        "6465d702-d4cf-45f6-a88f-1af585ca3ddf.mp4",
        "6481fNeZctQ_0010_0013.mp4",
        "69d97e1a-dfa7-4da2-a873-5c4398317f08.mp4",
        "-rrP868InHo_0002_0008.mp4",
        "5eDQ2SSsmEk.12.3.mp4",
        "5eDQ2SSsmEk.8.8.mp4",
        "QYAWxJ8a7RA.1.3.mp4",
        "fSWFUFdV5TU.3.2.mp4",
        "Gel59Iy3YhQ.33.1.mp4",
        "MPX29k4uwSg.0.0.mp4",
        "0030f434-3eb4a3a9.0.mp4",
        "H4AZhS5WqKk.0.9.mp4",
        "ky5uvjPVhk8.3.0.mp4",
        "QYAWxJ8a7RA.7.3.mp4",
        "168085.0.mp4",
        "fSWFUFdV5TU.2.1.mp4",
        "pNGMY3xVkVE.0.0.mp4",
        "4uGfFYzxWEg.8.0.mp4",
        "6IUJgiKJ_mE.5.mp4",
        "sKJeTaIEldM.1.5.mp4",
        "0206642d2ccf8cf3e1d8d12f62d13aea2e17f8f4d79ab61334dc560964b57384.5.mp4",
        "0Pzq0URbL2M.11.0.mp4",
        "3499ee14e324aa0da7f123c2a9df65c20705997452fd206d79af0b378cd8dfb3.0.mp4",
        "4021226.0.1.mp4",
        "4847.13.8.mp4",
        "6303.0.29.mp4",
        "Cj6ho1-G6tw.0.12.mp4",
        "FUQhNGEu2KA.0.0.mp4",
        "H4AZhS5WqKk.0.6.mp4",
        "i82xURPkLWo.0.0.mp4",
        "JDaw5I_5hPk.0.13.mp4",
        "JGiXuXc3cao.2.7.mp4",
        "JGiXuXc3cao.6.0.mp4",
        "P9Z0XP6mkCg.2.0.mp4",
        "pN2csS9qv-c.0.mp4",
        "RYzkI_5ub58.8.11.mp4",
        "yKHjA7oooPE.4.2.mp4",
        "ZXloF-qGW4U.2.5.mp4",
        "ZXloF-qGW4U.3.0.mp4",
        "1560.0.12.mp4",
        "2519.5.16.mp4",
        "TktL3QR8Yg8.5.11.mp4",
        "video_34608.1.mp4",
        "7dbb35be-3827-45da-bb2c-4f9a45b72ad8.mp4",
        "7f2f883e-2ae8-4179-a5a9-606fc4095ca1.mp4",
        "95c6d9f2-c516-4d72-b0c1-3b6168dd4c50.mp4",
        "9874ec18-9f95-40e6-8d00-4653b4e13b58.mp4",
        "9a44b71d-72f0-4f3f-973d-bcd0f87442e9.mp4",
        "9uwp-xksCAc_0825_0832.mp4",
        "a00627a3-e271-4e43-bb07-fc91332d737f.mp4",
        "a2d59b45-e48d-4ac9-9e0f-7acf5460622f.mp4",
        "b63059b0-d1d5-4863-ace7-eeb221908473.mp4",
        "e41eaff7-70f3-4e74-9e07-b1108b3eca4c.mp4",
        "e9134043-18d5-4f48-9155-128aea4a3cdb.mp4",
        "edEdphtu6eY_0007_0011.mp4",
        "NYTBTHnF0rM_0013_0017.mp4",
        "oTdf1ZDTrjE_0012_0019.mp4",
        "qs8LQLmJ6_g_0002_0015.mp4",
        "V0oHuk2JxT4_0006_0008.mp4",
        "V0oHuk2JxT4_0010_0012.mp4",
        "1IJFnOlcCfs_0012_0016.mp4",
        "2ZweKRW6yE0_0004_0007.mp4",
        "bMDq0f6VXqI_0153_0158.mp4",
        "bMDq0f6VXqI_0349_0355.mp4",
        "bMDq0f6VXqI_0358_0401.mp4",
        "bMDq0f6VXqI_0438_0445.mp4",
        "F96K3x6YlvU_0136_0141.mp4",
        "gGBkg04Ct7Y_0035_0037.mp4",
        "gGBkg04Ct7Y_0421_0424.mp4",
        "iK3bsMSTNLg_0002_0009.mp4",
        "I-N_7QXA6xE_0206_0213.mp4",
        "LTW3xXrYkIY_0015_0018.mp4",
        "sMs1Eald9o8_0046_0050.mp4",
        "SrJOE2pEp7A_0218_0221.mp4",
        "SrJOE2pEp7A_0548_0550.mp4",
        "SrJOE2pEp7A_0855_0859.mp4",
        "tT_qv9ptauU_0113_0115.mp4",
        "tT_qv9ptauU_0138_0142.mp4",
        "tT_qv9ptauU_0141_0143.mp4",
        "_uXwIYrw9wc_0102_0106.mp4",
        "ZGNUqNFfD8M_0823_0826.mp4",
        "1eb8254f-3e3a-4d29-8860-549f4e478e6a.mp4",
        "33c5f5e3-7d50-4cee-b26e-17476075523f.mp4",
        "6rGlyo99G6M_0218_0231.mp4",
        "a5b7460d-641e-4c60-a1d0-03694ae9429d.mp4",
        "EXfrdC9ggY8_0022_0038.mp4",
        "EXfrdC9ggY8_0145_0156.mp4",
        "EXfrdC9ggY8_0552_0602.mp4",
        "fd102cae-d20f-472d-91ac-ee3c9e948ef9.mp4",
        "ff10706a-998d-4dcd-987f-e36bdbb849d2.mp4",
        "_OO3pqJVLAc_0017_0020_reversed.mp4",
        "_OO3pqJVLAc_0340_0343.mp4",
        "t80R7-wJEyY_0131_0136.mp4",
        "t80R7-wJEyY_0323_0328.mp4",
        "t80R7-wJEyY_0323_0328_reversed.mp4",
        "t80R7-wJEyY_0446_0449_reversed.mp4",
        "uR7FKD-rmhc_0000_0003.mp4",
        "uR7FKD-rmhc_0000_0003_reversed.mp4",
        "0d69ba0e-3c45-4dc8-82e8-534e91857524.mp4",
        "242cb551-5ef6-402d-8828-9ee810110b42.mp4",
        "6rGlyo99G6M_0018_0026.mp4",
        "6rGlyo99G6M_0041_0052.mp4",
        "6rGlyo99G6M_0124_0142.mp4",
        "815230c6-174d-456b-944f-c5fdbbbb8470.mp4",
        "e6f7f26f-9d08-42e1-984b-cda10a700175.mp4",
        "ea404999-2a39-4bbc-8be0-321c89ea880d.mp4",
        "EXfrdC9ggY8_0315_0328.mp4",
        "EXfrdC9ggY8_0331_0340.mp4",
        "f3ac0270-0fb3-4252-bd9f-3e35e8f548f1.mp4",
        "_OO3pqJVLAc_0017_0020.mp4",
        "t80R7-wJEyY_0131_0136_reversed.mp4",
        "t80R7-wJEyY_0446_0449.mp4",
        "t80R7-wJEyY_0548_0552.mp4",
        "t80R7-wJEyY_0548_0552_reversed.mp4",
        "WR9qz81WraE_0000_0004_reversed.mp4",
        "WR9qz81WraE_0050_0054.mp4",
        "3ff730c5-72bf-4bad-a00d-cf0ffe7c3689.mp4",
        "6b8f8e90-1370-487f-b7c4-3dc00ced9470.mp4",
        "6rGlyo99G6M_0004_0016.mp4",
        "6rGlyo99G6M_0054_0101.mp4",
        "6rGlyo99G6M_0158_0208.mp4",
        "6rGlyo99G6M_0208_0217.mp4",
        "93afdd4c-c65d-434e-bf21-82c4742d2ee6.mp4",
        "9d560f0a-b87d-45f9-924e-0dbb33ac2acd.mp4",
        "b82b2403-5a96-4e50-9a5e-0680654f5c03.mp4",
        "c20839ca-3874-46a2-88d8-05b36d528d23.mp4",
        "d690ed5c-0525-4de5-ad7b-f5cd29f77be6.mp4",
        "e971d16f-afb8-4427-8418-9877fddb35d4.mp4",
        "EXfrdC9ggY8_0010_0019.mp4",
        "EXfrdC9ggY8_0401_0409.mp4",
        "EXfrdC9ggY8_0438_0446.mp4",
        "EXfrdC9ggY8_0519_0525.mp4",
        "EXfrdC9ggY8_0540_0551.mp4",
        "EXfrdC9ggY8_0603_0613.mp4",
        "_OO3pqJVLAc_0340_0343_reversed.mp4",
        "t80R7-wJEyY_0411_0416_reversed.mp4",
        "WR9qz81WraE_0000_0004.mp4",
        "WR9qz81WraE_0050_0054_reversed.mp4",
        "eYvzr0OTQ1U_3644_3646.mp4",
        "eYvzr0OTQ1U_4205_4208.mp4",
        "SQly8shdRgE_020_025.mp4",
        "y0h9MkaFn0M_523_526.mp4",
        "y0h9MkaFn0M_538_542.mp4",
        "5eDQ2SSsmEk.8.11.mp4",
        "EmfnOt6464Q.0.0.mp4",
        "izTDbJ23_ws.2.2.mp4",
        "JDaw5I_5hPk.0.22.mp4",
        "Kui5PpD9ITE.1.0.mp4",
        "m1LHXV49zn8.2.9.mp4",
        "mNw95NVxGSM.1.3.mp4",
        "MQugcNLFI9k.6.4.mp4",
        "op57QLUgoOg.0.1.mp4",
        "P9Z0XP6mkCg.2.3.mp4",
        "QaRnEZFM6ZQ.5.7.mp4",
        "t2_J-RVP7EM.7.3.mp4",
        "tSWQjrHHS1o.2.0.mp4",
        "-WRNR9mrimE.0.0.mp4",
        "xEo1cgaU3VE.1.6.mp4",
        "ZADlkbr7Avg.8.0.mp4",
        "_ZYHlc2Niaw.5.0.mp4",
        "3IgY4L_tgt8.0.1.mp4",
        "BkMoBdDsMSI.1.7.mp4",
        "Ejcl5Jk_4QU.0.1.mp4",
        "FbSNaKmBfO0.1.1.mp4",
        "-FGVJS3rT80.2.3.mp4",
        "hoBuA560KpY.3.2.mp4",
        "KB3KMUw54Hc.2.2.mp4",
        "KbadeME0GSg.0.4.mp4",
        "Ml-9GyPK_hw.7.1.mp4",
        "mlUKWRnYzR4.0.9.mp4",
        "mlUKWRnYzR4.1.1.mp4",
        "MQugcNLFI9k.3.7.mp4",
        "_pGFvD2L-kY.1.0.mp4",
        "rAbe9QJD7LA.5.3.mp4",
        "t2_J-RVP7EM.0.6.mp4",
        "VJgzJ6afmS4.0.0.mp4",
        "VKre9_wM3Mo.1.16.mp4",
        "YBC2JaevzOI.6.8.mp4",
        "Yp5eTT6kZIo.1.9.mp4",
        "5eDQ2SSsmEk.3.8.mp4",
        "88vmzn_LufA.1.4.mp4",
        "EoPx986YM8M.0.3.mp4",
        "ex_On2pyFFY.2.1.mp4",
        "ipSgkKT1nXs.1.0.mp4",
        "KB3KMUw54Hc.2.0.mp4",
        "LtXUoaZcp70.2.0.mp4",
        "lvbMat2b1ts.1.5.mp4",
        "N4xV2RIlMi4.2.1.mp4",
        "NJm86fzxG8s.1.0.mp4",
        "Q9-tFeHiTG4.0.5.mp4",
        "sJsu7Tv-fRY.4.1.mp4",
        "u35WIs62R2M.5.0.mp4",
        "u5lhJHUwvOs.7.1.mp4",
        "XA2X_JBzkzY.0.0.mp4",
        "ZABX9Cf3KSY.0.0.mp4",
        "ZADlkbr7Avg.8.4.mp4",
        "_ZYHlc2Niaw.2.1.mp4",
        "_ZYHlc2Niaw.2.6.mp4",
        "3G2FHsE299A_104_107.mp4",
        "3G2FHsE299A_15_19.mp4",
        "3G2FHsE299A_32_36.mp4",
        "3G2FHsE299A_39_42.mp4",
        "3G2FHsE299A_45_48.mp4",
        "3G2FHsE299A_66_68.mp4",
        "3G2FHsE299A_74_77.mp4",
        "3G2FHsE299A_94_97.mp4",
        "3G2FHsE299A_98_100.mp4",
        "r3q2XXeasAA_107_109.mp4",
        "r3q2XXeasAA_118_121.mp4",
        "r3q2XXeasAA_132_133.mp4",
        "r3q2XXeasAA_142_146.mp4",
        "r3q2XXeasAA_15_18.mp4",
        "r3q2XXeasAA_153_155.mp4",
        "r3q2XXeasAA_159_160.mp4",
        "r3q2XXeasAA_22_24.mp4",
        "r3q2XXeasAA_25_28.mp4",
        "r3q2XXeasAA_30_35.mp4",
        "r3q2XXeasAA_44_46.mp4",
        "r3q2XXeasAA_48_50.mp4",
        "r3q2XXeasAA_55_60.mp4",
        "r3q2XXeasAA_62_65.mp4",
        "r3q2XXeasAA_66_68.mp4",
        "r3q2XXeasAA_6_8.mp4",
        "r3q2XXeasAA_80_81.mp4",
        "r3q2XXeasAA_82_85.mp4",
        "r3q2XXeasAA_90_93.mp4",
        "r3q2XXeasAA_95_96.mp4",
        "1470.0.48.mp4",
        "3pxrECZYEAA.3.0.mp4",
        "y51VUsotZe4.8.1.mp4",
        "4uGfFYzxWEg.8.3.mp4",
        "5454.1.4.mp4",
        "VaSlqE0Nx2Q.11.1.mp4",
        "kxcw0iSn0xw.2.4.mp4",
        "mIiPt1YVkP8.9.3.mp4",
        "MuNyfqxAO6Y.8.2.mp4",
        "1018.1.2.mp4",
        "338.2.19.mp4",
        "3RI-SNLQePY.13.2.mp4",
        "w-HYZv6HzAs.5.2.mp4",
        "TktL3QR8Yg8.5.3.mp4",
        "_ZYHlc2Niaw.3.5.mp4",
        "CQtFHWCSeXM.5.mp4",
        "-F9hoWSAX5w.0.0.mp4",
        "YakCuBMlQXQ.1.1.mp4",
        "BV7Q0zYDO9I.2.0.mp4",
        "1018.1.6.mp4",
        "3i-cb5ATODE.0.1.mp4",
        "5454.1.3.mp4",
        "88vmzn_LufA.0.3.mp4",
        "d0yGdNEWdn0.0.8.mp4",
        "D2PZUB_lDCk.0.0.mp4",
        "iXzposKQzvs.2.3.mp4",
        "kxcw0iSn0xw.1.4.mp4",
        "L0zS8z8YqJ8.2.6.mp4",
        "l5RWa1D00ck.0.1.mp4",
        "YBC2JaevzOI.3.0.mp4",
        "8iZ8RtiJq14.7.2.mp4",
        "RooDYxp5Fx8.3.6.mp4",
        "fUjoIUTFH1I.0.2.mp4",
        "-7bJwW2NYyc_151_153.mp4",
        "DdDEU8AOQo0_127_129.mp4",
        "FLGCGc7sAUw_16_17.mp4",
        "fXCfGwUY52g_172_175.mp4",
        "fXCfGwUY52g_186_191.mp4",
        "fXCfGwUY52g_42_47.mp4",
        "h9yDvzBrSC4_255_258.mp4",
        "HjqAI_DDNBs_259_261.mp4",
        "KllvvjcRR0A_85_88.mp4",
        "pAMy7IhOVQE_231_232.mp4",
        "PSpUM9_l2HI_691_692.mp4",
        "PSpUM9_l2HI_693_695.mp4",
        "u35WIs62R2M_740_743.mp4",
        "Yp5eTT6kZIo_154_156.mp4",
        "BDZguJn-2u4_281_283.mp4",
        "FLGCGc7sAUw_95_97.mp4",
        "fXCfGwUY52g_180_184.mp4",
        "fXCfGwUY52g_81_83.mp4",
        "h9yDvzBrSC4_361_363.mp4",
        "h9yDvzBrSC4_580_584.mp4",
        "h9yDvzBrSC4_678_681.mp4",
        "mLtlWuXKd-A_232_234.mp4",
        "rd3Sgx2GDeM_1_3.mp4",
        "u35WIs62R2M_251_255.mp4",
        "u35WIs62R2M_350_353.mp4",
        "u35WIs62R2M_556_558.mp4",
        "12wPIdwm6Rw_400_403.mp4",
        "12wPIdwm6Rw_504_508.mp4",
        "12wPIdwm6Rw_573_576.mp4",
        "453446312_110_112.mp4",
        "453446312_31_33.mp4",
        "453446312_36_38.mp4",
        "453446312_39_40.mp4",
        "453446312_67_70.mp4",
        "453446312_74_77.mp4",
        "hpc2QbdIgu8_0005_0007.mp4",
        "hpc2QbdIgu8_0008_0010.mp4",
        "hpc2QbdIgu8_0027_0032.mp4",
        "hpc2QbdIgu8_0047_0049.mp4",
        "hpc2QbdIgu8_0055_0059.mp4",
        "hpc2QbdIgu8_0059_0063.mp4",
        "hpc2QbdIgu8_0119_0123.mp4",
        "hpc2QbdIgu8_0149_0153.mp4",
        "1gWMmmvr8Gc.mp4",
        "6Kpr2MuKW0A_3.mp4",
        "6Kpr2MuKW0A_5.mp4",
        "ddkbVYutRXA.mp4",
        "EF8C4v7JIbA_0.mp4",
        "HvhUGdmc5K0.mp4",
        "Jx9h3iWudTU_1.mp4",
        "K3RC3BIsNjw_4.mp4",
        "oemWtq_Hlj0.mp4",
        "QGbzvVastaM_1.mp4",
        "R9FUEScjB1U_3.mp4",
        "R9FUEScjB1U_4.mp4",
        "R9FUEScjB1U_5.mp4",
        "R9FUEScjB1U_6.mp4",
        "W_-D-yzzbxE.mp4",
        "x0y3OBD9RHI_2.mp4",
        "x0y3OBD9RHI_3.mp4",
        "x0y3OBD9RHI_4.mp4",
        "Zi1eEJdemSQ_1.mp4",
        "30nMHUr8hTA_1.mp4",
        "5HXYrJadW50.mp4",
        "6Kpr2MuKW0A_11.mp4",
        "6Kpr2MuKW0A_12.mp4",
        "6Kpr2MuKW0A_6.mp4",
        "bePMvXuyYZ8_1.mp4",
        "FiPrQ40F7qo_1.mp4",
        "gqyai4u-JF8.mp4",
        "Hu3eSBRu-OM.mp4",
        "Jx9h3iWudTU_0.mp4",
        "m-ioG4KEVyc_3.mp4",
        "plA7N05y81M.mp4",
        "QGbzvVastaM_2.mp4",
        "R9FUEScjB1U_2.mp4",
        "R9FUEScjB1U_7.mp4",
        "R9FUEScjB1U_8.mp4",
        "x0y3OBD9RHI_1.mp4",
        "6Kpr2MuKW0A_0.mp4",
        "6Kpr2MuKW0A_2.mp4",
        "6Kpr2MuKW0A_4.mp4",
        "6Kpr2MuKW0A_9.mp4",
        "bePMvXuyYZ8_2.mp4",
        "CSgDjZ_Vv8g.mp4",
        "EoarG7_pSNw.mp4",
        "irJZPtSLJA4.mp4",
        "K3RC3BIsNjw_1.mp4",
        "K3RC3BIsNjw_3.mp4",
        "K8rpo9e7tvg_2.mp4",
        "l6np0fgTymY_1.mp4",
        "l6np0fgTymY_3.mp4",
        "m-ioG4KEVyc_2.mp4",
        "Nm38b14akRA_0.mp4",
        "plzoYbhvNo4_1.mp4",
        "plzoYbhvNo4_2.mp4",
        "R9FUEScjB1U_9.mp4",
        "RxcQ1rzaeRA.mp4",
        "VxeZwHQKGHo_0.mp4",
        "w84Xogv_sMs.mp4",
        "x0y3OBD9RHI_0.mp4",
        "zxCDmNaAaIU.mp4",
        "30nMHUr8hTA_0.mp4",
        "30nMHUr8hTA_2.mp4",
        "3JCISEuxbWs.mp4",
        "6Kpr2MuKW0A_10.mp4",
        "6Kpr2MuKW0A_8.mp4",
        "chxX9uucndY_0.mp4",
        "K3RC3BIsNjw_2.mp4",
        "K8rpo9e7tvg_1.mp4",
        "M54fY-155jk_0.mp4",
        "M54fY-155jk_1.mp4",
        "m-ioG4KEVyc_0.mp4",
        "Nm38b14akRA_1.mp4",
        "PSpUM9_l2HI.mp4",
        "QGbzvVastaM_0.mp4",
        "QGbzvVastaM_3.mp4",
        "qjTjU8PEfEA.mp4",
        "R9FUEScjB1U_11.mp4",
        "VxeZwHQKGHo_1.mp4",
        "JGiXuXc3cao.11.1.mp4",
        "ti231UvSvfQ.4.0.mp4",
        "-eyUFAJ1xqo.0.1.mp4",
        "1934.1.8.mp4",
        "7jUW96CiEKA.0.12.mp4",
        "8ouj_JN2ytI.0.7.mp4",
        "h1PjJ9_Yd2c.2.19.mp4",
        "RYzkI_5ub58.3.6.mp4",
        "4f3hG-5grlw.4.3.mp4",
        "yGsVo0uIJVs.0.5.mp4",
        "3HYfPz8lvDI.3.1.mp4",
        "6d270d88db28043321dd8a3e0e6204ce7aac74c6fd8916e0b244626e531f2733.7.mp4",
        "KoJ0Pih0Ssc.5.6.mp4",
        "qYztDs8vPBg.2.3.mp4",
        "1f55285ffbb56ed4e4c134ae4a79002046c21e5b78d5ff9fbc569e302e667147.0.mp4",
        "kxcw0iSn0xw.2.6.mp4",
        "5eDQ2SSsmEk.3.3.mp4",
        "OYBnN9l3OWo.0.2.mp4",
        "vEvBpjCOBu0.6.5.mp4",
        "KI2lsdXJQ40.0.2.mp4",
        "05189ba8bdb22fbb387f86bf025bc9f36a20416a495efd3980d63278abc28bf8.1.mp4",
        "2519.5.3.mp4",
        "4021175.0.4.mp4",
        "4uGfFYzxWEg.6.4.mp4",
        "5eDQ2SSsmEk.4.7.mp4",
        "8iZ8RtiJq14.4.0.mp4",
        "augBci6Gic4.3.0.mp4",
        "CjPSzAtLzO8.0.7.mp4",
        "Gel59Iy3YhQ.25.1.mp4",
        "iQqTm09k25c.0.mp4",
        "j7WbkzvTuU8.5.0.mp4",
        "QDEFkpAHUcs.0.7.mp4",
        "RYzkI_5ub58.15.18.mp4",
        "v-ERJ3IUIhw.0.1.mp4",
        "piQsdrDKzzM.2.3.mp4",
        "RYzkI_5ub58.15.3.mp4",
        "u-dEnJpCGAQ.165.11.mp4",
        "JDaw5I_5hPk.0.14.mp4",
        "4uGfFYzxWEg.11.4.mp4",
        "mixkit-snowy-mountain-in-canada-full-of-pine-trees-3390.1.mp4",
        "tSWQjrHHS1o.6.0.mp4",
        "5eDQ2SSsmEk.5.3.mp4",
        "2519.5.13.mp4",
        "Bh7o96_yIWw.2.1.mp4",
        "Gel59Iy3YhQ.44.1.mp4",
        "i82xURPkLWo.2.1.mp4",
        "i82xURPkLWo.2.8.mp4",
        "mixkit-flying-over-a-rocky-mountain-in-nature-35939.0.mp4",
        "uWCGK4nneeU.5.1.mp4",
        "338.2.11.mp4",
        "VKre9_wM3Mo.5.1.mp4",
        "6h6bMAWLYAI.6.1.mp4",
        "H4AZhS5WqKk.2.0.mp4",
        "MuNyfqxAO6Y.2.0.mp4",
        "5eDQ2SSsmEk.1.4.mp4",
        "yGsVo0uIJVs.9.5.mp4",
        "0UthxdAH0ks.1.0.mp4",
        "3HYfPz8lvDI.0.8.mp4",
        "MpeOFvxor_0.0.4.mp4",
        "upC8hjr2b4g.11.3.mp4",
        "yGsVo0uIJVs.5.11.mp4",
        "4e95dbc3dd1d19b5bf3026fa3ac72d2d6aba978280cfd151fb74dd2661ac2ac8.0.mp4",
        "0Pzq0URbL2M.1.0.mp4",
        "1934.1.21.mp4",
        "2254244.1.mp4",
        "3RI-SNLQePY.28.0.mp4",
        "4uGfFYzxWEg.9.0.mp4",
        "aBfxiGji6dY.0.0.mp4",
        "Cj6ho1-G6tw.0.6.mp4",
        "HYl9QIJJvdA.1.0.mp4",
        "JGiXuXc3cao.1.6.mp4",
        "kxcw0iSn0xw.0.1.mp4",
        "OCBYMQzG44U.2.13.mp4",
        "r5jbhW9uauc.2.2.mp4",
        "RZs5Hz1klno.1.4.mp4",
        "u-dEnJpCGAQ.3.9.mp4",
        "yGsVo0uIJVs.2.4.mp4",
        "YSnzFyUeFS4.2.6.mp4",
        "7jUW96CiEKA.0.2.mp4",
        "r5jbhW9uauc.2.1.mp4",
        "u5lhJHUwvOs.3.3.mp4",
        "0206642d2ccf8cf3e1d8d12f62d13aea2e17f8f4d79ab61334dc560964b57384.3.mp4",
        "EFvnpRE9qC8.0.1.mp4",
        "RYzkI_5ub58.3.3.mp4",
        "VaSlqE0Nx2Q.11.2.mp4",
        "3652.0.0.mp4",
        "gooWdc6kb80.0.1.mp4",
        "JmPDt4SFxFU.3.mp4",
        "ScH9bCyqJ6s.5.1.mp4",
        "VaSlqE0Nx2Q.12.4.mp4",
        "Vm-b2AVwARw.7.0.mp4",
        "0058d7c1829dfe2fcdab924eb527dae182de7b5e5507143313b1cfd51d30c255.0.mp4",
        "4022135.0.4.mp4",
        "6303.0.4.mp4",
        "dSmZIp41OCM.25.10.mp4",
        "JDaw5I_5hPk.0.21.mp4",
        "lz5xvWTodyw.8.4.mp4",
        "aVA7aXOH1pk.3.1.mp4",
        "mIiPt1YVkP8.1.6.mp4",
        "yGsVo0uIJVs.0.1.mp4",
        "GVr8pZmSa-c.0.9.mp4",
        "338.2.14.mp4",
        "3epU697sU9E.1.4.mp4",
        "6YDWsGwz2lI.0.0.mp4",
        "6zblV1RyJWM.2.6.mp4",
        "88vmzn_LufA.1.7.mp4",
        "awPo_VZabRc.1.1.mp4",
        "Cj6ho1-G6tw.0.13.mp4",
        "fT6olrwrjnI.5.0.mp4",
        "GdRJCTR1KDQ.1.3.mp4",
        "gisQqSu7r44.0.1.mp4",
        "H4AZhS5WqKk.0.11.mp4",
        "kSx5KGOv5Qc.0.mp4",
        "l5RWa1D00ck.0.5.mp4",
        "PIvOfcR77SQ.4.6.mp4",
        "qYztDs8vPBg.1.1.mp4",
        "RYzkI_5ub58.3.7.mp4",
        "ti231UvSvfQ.12.2.mp4",
        "TktL3QR8Yg8.0.1.mp4",
        "u5lhJHUwvOs.2.4.mp4",
        "VaSlqE0Nx2Q.5.2.mp4",
        "637ea05e5192428c06fd77b128bd3aa5436dbb3596b8ab6b87405e484e721bc1.0.mp4",
        "1497.1.20.mp4",
        "1156f206bf6ef72ed3ac9d51d28c81f40031612ca1e79e9d4fc076759bc06c23.0.mp4",
        "0ZH_3bcVRe4.0.6.mp4",
        "4uGfFYzxWEg.0.3.mp4",
        "i82xURPkLWo.0.3.mp4",
        "5eDQ2SSsmEk.5.8.mp4",
        "LZkl0_9xFOU.11.4.mp4",
        "QYAWxJ8a7RA.0.0.mp4",
        "Gel59Iy3YhQ.18.2.mp4",
        "xBFcUI4z0Wk.2.mp4",
        "4022022.0.0.mp4",
        "QYAWxJ8a7RA.5.4.mp4",
        "0UthxdAH0ks.1.4.mp4",
        "upC8hjr2b4g.9.0.mp4",
        "cd248d6e8326130876d9f820943ac094463a938ba557ccff8171d483dbe01d14.0.mp4",
        "KI2lsdXJQ40.0.1.mp4",
        "QYAWxJ8a7RA.8.0.mp4",
        "02ea06f94c915dc668b02d893a60606cd074d74ff5cc6521f48f85fd1ebf8da3.0.mp4",
        "1470.0.32.mp4",
        "3HYfPz8lvDI.4.3.mp4",
        "awPo_VZabRc.1.0.mp4",
        "Gel59Iy3YhQ.6.0.mp4",
        "i82xURPkLWo.2.17.mp4",
        "JDaw5I_5hPk.0.19.mp4",
        "RIz3klPET3o.1.3.mp4",
        "s7I9Ab9rXkU.0.2.mp4",
        "TktL3QR8Yg8.0.10.mp4",
        "w-HYZv6HzAs.5.3.mp4",
        "yGsVo0uIJVs.5.1.mp4",
        "L0zS8z8YqJ8.1.2.mp4",
        "4021298.0.5.mp4",
        "fUjoIUTFH1I.0.15.mp4",
        "M0jmSsQ5ptw.3.7.mp4",
        "3HYfPz8lvDI.0.5.mp4",
        "uWCGK4nneeU.5.4.mp4",
        "YBC2JaevzOI.5.7.mp4",
        "5eDQ2SSsmEk.2.0.mp4",
        "8LiVGDq01FU.0.11.mp4",
        "qMeHR2Dc4mQ.0.4.mp4",
        "y51VUsotZe4.4.0.mp4",
        "5eDQ2SSsmEk.2.2.mp4",
        "60.0.58.mp4",
        "5e5ef4541835cc6ffc817c5dd4eb7f240d200553b3eed64782d61ccde60d4ade.2.mp4",
        "fUjoIUTFH1I.0.6.mp4",
        "upC8hjr2b4g.2.1.mp4",
        "vEvBpjCOBu0.3.7.mp4",
        "0Pzq0URbL2M.8.7.mp4",
        "VaSlqE0Nx2Q.5.6.mp4",
        "YBC2JaevzOI.7.7.mp4",
        "1448735.2.mp4",
        "5679.1.3.mp4",
        "7jUW96CiEKA.0.11.mp4",
        "awPo_VZabRc.4.0.mp4",
        "bPZc7avrCT4.5.3.mp4",
        "i82xURPkLWo.3.5.mp4",
        "j7WbkzvTuU8.5.1.mp4",
        "kSx5KGOv5Qc.1.mp4",
        "RolttrarOOA.0.1.mp4",
        "rs4B8-qoY1I.2.0.mp4",
        "R_yMclBMw5k.0.1.mp4",
        "RYzkI_5ub58.15.14.mp4",
        "VKre9_wM3Mo.2.7.mp4",
        "5qKYrajRNwo.2.11.mp4",
        "61.1.2.mp4",
        "kuGIn3zAoBA.0.1.mp4",
        "awPo_VZabRc.5.2.mp4",
        "5eDQ2SSsmEk.1.1.mp4",
        "0UthxdAH0ks.5.1.mp4",
        "JDaw5I_5hPk.0.23.mp4",
        "kxcw0iSn0xw.3.1.mp4",
        "Lp7E973zozc.3.4.mp4",
        "hHG1wva1B0w.12.2.mp4",
        "9cf72aeafdabae7ed510a61012c08e0f9e008056b5b579288dd57fcd38f9c505.1.mp4",
        "d8e66a49faf1457cf3d5abf67fcbbb45426c68ce8cd9e5b7c9cbdceb2b5b4806.0.mp4",
        "efb550800d3831546c222d454a74904f24fa3d300189d2b35b03566454569fba.0.mp4",
        "tSWQjrHHS1o.6.2.mp4",
        "1497.1.1.mp4",
        "h1PjJ9_Yd2c.5.2.mp4",
        "VaSlqE0Nx2Q.5.5.mp4",
        "027bd84e297a500c52d35ab4a67f37e62007e76483baad5687496911e441d65d.3.mp4",
        "0OFBj7EjZ-g.2.1.mp4",
        "1560.0.4.mp4",
        "2519.5.17.mp4",
        "5qKYrajRNwo.2.10.mp4",
        "6h6bMAWLYAI.2.2.mp4",
        "bX8GaZ3O4-Q.0.2.mp4",
        "cwjcfAAXIPs.0.2.mp4",
        "F7iLfuci75Y.6.1.mp4",
        "H4AZhS5WqKk.2.12.mp4",
        "_jcynKPY4TU.0.0.mp4",
        "KAer-wHAd38.5.4.mp4",
        "LZkl0_9xFOU.11.5.mp4",
        "TktL3QR8Yg8.0.5.mp4",
        "ttZAdY3n4nc.2.0.mp4",
        "u5lhJHUwvOs.3.0.mp4",
        "v75NeIqdD74.0.1.mp4",
        "h1PjJ9_Yd2c.2.26.mp4",
        "38855d1bdc38ecd9b0f44c18c7f0007f24fc1071aa86ef3b2a7b21457f3a39fe.0.mp4",
        "4PcpGxihPac.3.3.mp4",
        "027bd84e297a500c52d35ab4a67f37e62007e76483baad5687496911e441d65d.5.mp4",
        "BV7Q0zYDO9I.2.3.mp4",
        "as8lT-q2_E8.3.1.mp4",
        "0UthxdAH0ks.5.4.mp4",
        "1497.1.17.mp4",
        "338.2.33.mp4",
        "61.1.4.mp4",
        "9IQtkTqD-yc.0.0.mp4",
        "Gel59Iy3YhQ.18.1.mp4",
        "oRt5NPY7yYA.2.2.mp4",
        "0Pzq0URbL2M.3.5.mp4",
        "H4AZhS5WqKk.0.3.mp4",
        "u-dEnJpCGAQ.3.6.mp4",
        "DEypDAnnJL0.0.0.mp4",
        "8iZ8RtiJq14.9.0.mp4",
        "u5lhJHUwvOs.3.5.mp4",
        "1448735.0.mp4",
        "1934.1.20.mp4",
        "3005.1.15.mp4",
        "3RI-SNLQePY.12.1.mp4",
        "7jUW96CiEKA.0.0.mp4",
        "bX8GaZ3O4-Q.3.5.mp4",
        "cff54db6382ec81eaef2351f5319978651cec439bf358c937295d87986ab89b6.0.mp4",
        "fSWFUFdV5TU.0.4.mp4",
        "Hv_DRJZZ2qI.2.15.mp4",
        "RYzkI_5ub58.15.19.mp4",
        "ti231UvSvfQ.17.2.mp4",
        "VaSlqE0Nx2Q.10.5.mp4",
        "piQsdrDKzzM.0.0.mp4",
        "VS66VOUmoKQ.3.1.mp4",
        "3RI-SNLQePY.28.5.mp4",
        "6YDWsGwz2lI.0.2.mp4",
        "rjTCFuEL3qM.0.3.mp4",
        "0u4NY-YtVII.0.7.mp4",
        "3877.0.9.mp4",
        "LtXUoaZcp70.3.4.mp4",
        "5454.1.8.mp4",
        "GdRJCTR1KDQ.0.4.mp4",
        "QPqOP1iaxkc.0.3.mp4",
        "u-dEnJpCGAQ.165.9.mp4",
        "v-ERJ3IUIhw.0.3.mp4",
        "wrW0enIo2u8.0.6.mp4",
        "BruiisujNJY.0.0.mp4",
        "lz5xvWTodyw.2.3.mp4",
        "yGsVo0uIJVs.5.7.mp4",
        "BV7Q0zYDO9I.5.0.mp4",
        "VaSlqE0Nx2Q.3.1.mp4",
        "TktL3QR8Yg8.5.15.mp4",
        "0UthxdAH0ks.9.3.mp4",
        "190.2.9.mp4",
        "20bf316664ce72300aa77542504d7cebff6758be6688657370fb0eb962490639.0.mp4",
        "3pxrECZYEAA.1.3.mp4",
        "3zU-4Ft0MKQ.1.4.mp4",
        "7pqGzmdE5zE.0.0.mp4",
        "8ouj_JN2ytI.0.2.mp4",
        "BV7Q0zYDO9I.1.2.mp4",
        "h1PjJ9_Yd2c.2.5.mp4",
        "L0zS8z8YqJ8.5.0.mp4",
        "M0jmSsQ5ptw.0.7.mp4",
        "MPX29k4uwSg.0.2.mp4",
        "RYzkI_5ub58.15.1.mp4",
        "fUjoIUTFH1I.0.17.mp4",
        "hpTEzp-6CkM.0.4.mp4",
        "6S7wclUORUI.0.6.mp4",
        "8LiVGDq01FU.2.15.mp4",
        "cfc703a00c283555505262f88c0adfa40f9b83f87baa642157a773daf98629b1.5.mp4",
        "IKzbsDG58pc.0.3.mp4",
        "0OFBj7EjZ-g.0.6.mp4",
        "190.2.7.mp4",
        "88vmzn_LufA.0.7.mp4",
        "1470.0.19.mp4",
        "1934.1.19.mp4",
        "-F9hoWSAX5w.0.1.mp4",
        "v-ERJ3IUIhw.0.4.mp4",
        "yGsVo0uIJVs.5.6.mp4",
        "0OFBj7EjZ-g.3.3.mp4",
        "KoJ0Pih0Ssc.7.0.mp4",
        "rs4B8-qoY1I.0.4.mp4",
        "v-ERJ3IUIhw.0.6.mp4",
        "1470.0.35.mp4",
        "1934.1.16.mp4",
        "4847.13.4.mp4",
        "5454.1.10.mp4",
        "5eDQ2SSsmEk.9.1.mp4",
        "7jUW96CiEKA.0.14.mp4",
        "D2PZUB_lDCk.2.2.mp4",
        "hcTWLMkqBko.0.3.mp4",
        "i82xURPkLWo.3.0.mp4",
        "JDaw5I_5hPk.0.11.mp4",
        "kxcw0iSn0xw.5.4.mp4",
        "lz5xvWTodyw.9.2.mp4",
        "MuNyfqxAO6Y.2.1.mp4",
        "PIvOfcR77SQ.4.2.mp4",
        "QPqOP1iaxkc.0.1.mp4",
        "yGsVo0uIJVs.0.4.mp4",
        "Ejcl5Jk_4QU.5.0.mp4",
        "Gel59Iy3YhQ.31.1.mp4",
        "H4AZhS5WqKk.0.1.mp4",
        "KF5p8VIbt0Y.7.4.mp4",
        "3HYfPz8lvDI.1.7.mp4",
        "RZs5Hz1klno.8.7.mp4",
        "Vm-b2AVwARw.5.1.mp4",
        "2530.0.3.mp4",
        "tJ7xCQpF00s.0.1.mp4",
        "ZXloF-qGW4U.0.5.mp4",
        "3HYfPz8lvDI.2.0.mp4",
        "vEvBpjCOBu0.0.6.mp4",
        "4021535.0.8.mp4",
        "5qKYrajRNwo.2.4.mp4",
        "8LiVGDq01FU.2.10.mp4",
        "H4AZhS5WqKk.0.0.mp4",
        "0u4NY-YtVII.5.1.mp4",
        "upC8hjr2b4g.13.4.mp4",
        "uWCGK4nneeU.2.1.mp4",
        "BKX6EhDrgqQ.0.6.mp4",
        "9c0f08e0b5320fa4c6feb8137f23143e9c72587815db316a221da5a97ad8c755.0.mp4",
        "OCBYMQzG44U.0.9.mp4",
        "00c44d89f1c7e739b878c96864297e69c18b798305ce8b662c601e2133a03e2e.0.mp4",
        "3pxrECZYEAA.3.5.mp4",
        "5eDQ2SSsmEk.4.5.mp4",
        "6h6bMAWLYAI.2.1.mp4",
        "fSWFUFdV5TU.0.1.mp4",
        "JGiXuXc3cao.7.1.mp4",
        "LtXUoaZcp70.1.5.mp4",
        "mIiPt1YVkP8.2.1.mp4",
        "Qh6c-SZmWUI.2.2.mp4",
        "TktL3QR8Yg8.5.6.mp4",
        "YakCuBMlQXQ.3.1.mp4",
        "190.2.0.mp4",
        "cf38f819cc3cee008c891a9256c3b59ef9f62b883ed02ed76427f304ffac991e.0.mp4",
        "guZ5AxQ6xb0.0.0.mp4",
        "5454.1.12.mp4",
        "hHG1wva1B0w.14.1.mp4",
        "3epU697sU9E.5.7.mp4",
        "oRt5NPY7yYA.1.0.mp4",
        "QYAWxJ8a7RA.1.1.mp4",
        "kxcw0iSn0xw.2.3.mp4",
        "kxcw0iSn0xw.3.2.mp4",
        "LNHBMFCzznE.5.9.mp4",
        "zJe05HKXf5Q.2.mp4",
        "MpeOFvxor_0.0.2.mp4",
        "y51VUsotZe4.7.4.mp4",
        "0UthxdAH0ks.9.1.mp4",
        "GVr8pZmSa-c.6.1.mp4",
        "L0zS8z8YqJ8.0.0.mp4",
        "ljg_EgXMjO0.0.0.mp4",
        "RZs5Hz1klno.6.2.mp4",
        "IWv0EhEGmNI.17.2.mp4",
        "qYztDs8vPBg.1.2.mp4",
        "8iZ8RtiJq14.5.6.mp4",
        "video_34608.0.mp4",
        "027bd84e297a500c52d35ab4a67f37e62007e76483baad5687496911e441d65d.1.mp4",
        "03hvbnE0asg.0.1.mp4",
        "338.2.16.mp4",
        "4uGfFYzxWEg.6.1.mp4",
        "60.0.18.mp4",
        "61.1.0.mp4",
        "8LiVGDq01FU.0.12.mp4",
        "9a2bcede65764d9e51445eb4dd3007957dfa0b33d28daf48f6932bcf0de79b28.0.mp4",
        "9cf72aeafdabae7ed510a61012c08e0f9e008056b5b579288dd57fcd38f9c505.0.mp4",
        "awPo_VZabRc.2.3.mp4",
        "bX8GaZ3O4-Q.3.2.mp4",
        "F7iLfuci75Y.6.0.mp4",
        "F7iLfuci75Y.9.1.mp4",
        "Gel59Iy3YhQ.35.4.mp4",
        "QDEFkpAHUcs.0.0.mp4",
        "QDEFkpAHUcs.0.1.mp4",
        "RZs5Hz1klno.6.5.mp4",
        "ti231UvSvfQ.6.1.mp4",
        "rs4B8-qoY1I.4.3.mp4",
        "02a1b502d0ca3cdb3107d4c962a71d1f5b69b78c9ea330965e6f786f315ee527.0.mp4",
        "338.2.2.mp4",
        "3923c396290520b6dcedf49397a06682322bd225007879cdd4fa2b144116c293.2.mp4",
        "7O1eibuPn84.3.4.mp4",
        "JGiXuXc3cao.2.9.mp4",
        "uWCGK4nneeU.5.9.mp4",
        "awPo_VZabRc.5.0.mp4",
        "bX8GaZ3O4-Q.3.6.mp4",
        "G2EAFkURl0U.0.mp4",
        "H4AZhS5WqKk.2.17.mp4",
        "4uGfFYzxWEg.3.0.mp4",
        "3epU697sU9E.3.6.mp4",
        "88vmzn_LufA.2.4.mp4",
        "bPZc7avrCT4.4.0.mp4",
        "ti231UvSvfQ.4.2.mp4",
        "vEvBpjCOBu0.6.4.mp4",
        "LNHBMFCzznE.5.0.mp4",
        "yGsVo0uIJVs.2.0.mp4",
        "4f3hG-5grlw.1.0.mp4",
        "1934.1.24.mp4",
        "5679.1.2.mp4",
        "d1046a4b2aaba4928fb997c6f4ee93b72219bb1ad1f5a2f0e6696e8ef32312cd.0.mp4",
        "F7iLfuci75Y.9.0.mp4",
        "FV7PVgF3jz4.0.3.mp4",
        "Gel59Iy3YhQ.19.1.mp4",
        "kCNPH3-A8tY.0.0.mp4",
        "LNHBMFCzznE.0.4.mp4",
        "molA_wwvFbk.9.0.mp4",
        "MuNyfqxAO6Y.2.2.mp4",
        "pCwpAGyJC8M.0.1.mp4",
        "QDEFkpAHUcs.0.4.mp4",
        "RYzkI_5ub58.8.0.mp4",
        "sguYb2y3u6w.0.mp4",
        "z7HxJaKjVlU.0.1.mp4",
        "3HYfPz8lvDI.1.5.mp4",
        "DEypDAnnJL0.6.7.mp4",
        "i82xURPkLWo.2.4.mp4",
        "fUjoIUTFH1I.0.13.mp4",
        "4uGfFYzxWEg.7.4.mp4",
        "LZkl0_9xFOU.3.0.mp4",
        "RZs5Hz1klno.5.0.mp4",
        "4uGfFYzxWEg.4.4.mp4",
        "R_yMclBMw5k.5.0.mp4",
        "upC8hjr2b4g.10.6.mp4",
        "CQYQKehqjgI.3.mp4",
        "u-dEnJpCGAQ.3.0.mp4",
        "1497.1.7.mp4",
        "uWCGK4nneeU.2.2.mp4",
        "GVr8pZmSa-c.1.7.mp4",
        "u5lhJHUwvOs.3.4.mp4",
        "0OFBj7EjZ-g.6.5.mp4",
        "1497.1.4.mp4",
        "2519.5.8.mp4",
        "4022627.0.0.mp4",
        "60.0.28.mp4",
        "bPZc7avrCT4.5.0.mp4",
        "KI2lsdXJQ40.0.10.mp4",
        "kxcw0iSn0xw.2.0.mp4",
        "kxcw0iSn0xw.2.2.mp4",
        "ljg_EgXMjO0.2.2.mp4",
        "OCBYMQzG44U.21.11.mp4",
        "RYzkI_5ub58.15.10.mp4",
        "VaSlqE0Nx2Q.10.2.mp4",
        "VaSlqE0Nx2Q.12.6.mp4",
        "v-ERJ3IUIhw.0.0.mp4",
        "ZBsv_5fHtIg.0.4.mp4",
        "7jUW96CiEKA.0.13.mp4",
        "r5jbhW9uauc.2.3.mp4",
        "0Pzq0URbL2M.6.3.mp4",
        "lTxn2BuqyzU.0.2.mp4",
        "M0jmSsQ5ptw.3.5.mp4",
        "hHG1wva1B0w.0.8.mp4",
        "190.2.4.mp4",
        "4847.13.10.mp4",
        "4847.41.5.mp4",
        "MlQeLoTUoZE.25.0.mp4",
        "ScH9bCyqJ6s.1.1.mp4",
        "VKre9_wM3Mo.1.0.mp4",
        "8iZ8RtiJq14.9.3.mp4",
        "ckpwSAv5we8.2.2.mp4",
        "5qKYrajRNwo.2.12.mp4",
        "5qKYrajRNwo.3.2.mp4",
        "6h6bMAWLYAI.9.0.mp4",
        "xBFcUI4z0Wk.1.mp4",
        "L0zS8z8YqJ8.2.0.mp4",
        "YBC2JaevzOI.2.0.mp4",
        "yGsVo0uIJVs.3.3.mp4",
        "06789991de47b8c00d46246a5abcfd0a830d609e8ac1723fdda38dfccc3d3523.0.mp4",
        "0Pzq0URbL2M.2.0.mp4",
        "D2PZUB_lDCk.2.4.mp4",
        "Gel59Iy3YhQ.24.0.mp4",
        "H4AZhS5WqKk.0.14.mp4",
        "i82xURPkLWo.2.16.mp4",
        "LNHBMFCzznE.5.6.mp4",
        "LZkl0_9xFOU.4.3.mp4",
        "snghE_hWMhY.0.mp4",
        "treWO3ys06g.6.0.mp4",
        "u-dEnJpCGAQ.165.1.mp4",
        "urgDBUXShos.0.7.mp4",
        "_6DLjNKtENQ.0.23.mp4",
        "99f927656086265ccda299e2c2ec394f4bfded4daa3ea64efcb4ee6c95b8c7de.0.mp4",
        "ckpwSAv5we8.2.1.mp4",
        "TktL3QR8Yg8.0.6.mp4",
        "KdfhMulBsyk.2.5.mp4",
        "Mv7J2CLBYBk.2.1.mp4",
        "5eDQ2SSsmEk.1.5.mp4",
        "8iZ8RtiJq14.1.2.mp4",
        "BKX6EhDrgqQ.0.3.mp4",
        "pfGEdmZyVyY.1.3.mp4",
        "pfGEdmZyVyY.1.5.mp4",
        "Cj6ho1-G6tw.0.20.mp4",
        "iXzposKQzvs.2.1.mp4",
        "hHG1wva1B0w.6.3.mp4",
        "RZs5Hz1klno.8.3.mp4",
        "852363.10.mp4",
        "1470.0.34.mp4",
        "34b53d534e3200be0eef4bb8c8d77da9723668281a6baee67b376935b20065f9.0.mp4",
        "3RI-SNLQePY.13.1.mp4",
        "bPZc7avrCT4.4.2.mp4",
        "mixkit-beautiful-dusk-on-a-large-lake-from-above-5005.0.mp4",
        "0u4NY-YtVII.4.3.mp4",
        "JGiXuXc3cao.4.2.mp4",
        "MlQeLoTUoZE.25.1.mp4",
        "uWCGK4nneeU.4.4.mp4",
        "0BmANHSUbJg.3.2.mp4",
        "yGsVo0uIJVs.7.12.mp4",
        "2aU6O-hbhmI.0.20.mp4",
        "3005.1.17.mp4",
        "DEypDAnnJL0.3.1.mp4",
        "JGiXuXc3cao.14.0.mp4",
        "kxcw0iSn0xw.1.2.mp4",
        "r-BCbF55fxo.0.3.mp4",
        "upC8hjr2b4g.11.4.mp4",
        "YBC2JaevzOI.7.11.mp4",
        "ZU6ZU14lCNI.0.6.mp4",
        "21f44e953a8fbd9f8c7204e02c754f1b683ea011542be39d99ecce1aa69fe901.0.mp4",
        "ttZAdY3n4nc.3.0.mp4",
        "338.2.8.mp4",
        "rs4B8-qoY1I.2.1.mp4",
        "cV0altbknxk.0.0.mp4",
        "qYztDs8vPBg.1.0.mp4",
        "rs4B8-qoY1I.4.2.mp4",
        "u-dEnJpCGAQ.15.2.mp4",
        "0Pzq0URbL2M.10.1.mp4",
        "-2uIa-XMJC0.3.2.mp4",
        "J5Pnh0UcNxg.2.4.mp4",
        "RZs5Hz1klno.8.9.mp4",
        "0Pzq0URbL2M.8.5.mp4",
        "3005.1.9.mp4",
        "7Wz0RPFsuSA.0.0.mp4",
        "bPZc7avrCT4.6.2.mp4",
        "Gel59Iy3YhQ.42.3.mp4",
        "Hv_DRJZZ2qI.2.22.mp4",
        "KI2lsdXJQ40.0.15.mp4",
        "NZ3Pba3Xsk4.3.2.mp4",
        "M46nFxgKxKg.0.0.mp4",
        "4022628.0.0.mp4",
        "DEypDAnnJL0.4.1.mp4",
        "338.2.6.mp4",
        "4PcpGxihPac.4.3.mp4",
        "69427591e1efedff679587bc9817646522ed9a42d586f247a545ad3e21245512.3.mp4",
        "6YDWsGwz2lI.0.4.mp4",
        "cef178f9a6655dbebaf8961999c5a1539c59d675afa7869db9534f93ec9fe224.0.mp4",
        "-eyUFAJ1xqo.1.0.mp4",
        "guZ5AxQ6xb0.1.2.mp4",
        "guZ5AxQ6xb0.1.3.mp4",
        "hHG1wva1B0w.10.3.mp4",
        "K3U7Ybik1wM.3.6.mp4",
        "KI2lsdXJQ40.0.3.mp4",
        "tJ7xCQpF00s.0.11.mp4",
        "XGL2-aV7w_s.0.1.mp4",
        "yGsVo0uIJVs.1.5.mp4",
        "yGsVo0uIJVs.4.2.mp4",
        "yQLgp8trSDc.3.0.mp4",
        "3545516d19f8f7625d34421d52e9615b1aa7e1db04b0fff90b89ce1c340c01f9.0.mp4",
        "RYzkI_5ub58.8.12.mp4",
        "u-dEnJpCGAQ.8.0.mp4",
        "5qKYrajRNwo.3.7.mp4",
        "60.0.57.mp4",
        "cdbdf71cb5b76ac81a00f2e3e5c22bc27b126da4579752cd6a10da3650b4d8e3.0.mp4",
        "Gel59Iy3YhQ.22.3.mp4",
        "KCgtPL1D6vM.1.mp4",
        "hHG1wva1B0w.9.2.mp4",
        "5eDQ2SSsmEk.13.1.mp4",
        "ash8vDNcJBs.2.4.mp4",
        "dSmZIp41OCM.25.11.mp4",
        "U63dKG39CFg.2.mp4",
        "hHG1wva1B0w.12.0.mp4",
        "5eDQ2SSsmEk.9.5.mp4",
        "FUQhNGEu2KA.0.3.mp4",
        "bPZc7avrCT4.1.2.mp4",
        "h1PjJ9_Yd2c.2.16.mp4",
        "K3U7Ybik1wM.1.1.mp4",
        "y0aS2n1WmMg.2.0.mp4",
        "KI2lsdXJQ40.0.7.mp4",
        "upC8hjr2b4g.6.1.mp4",
        "3pxrECZYEAA.2.0.mp4",
        "KF5p8VIbt0Y.3.0.mp4",
        "027bd84e297a500c52d35ab4a67f37e62007e76483baad5687496911e441d65d.0.mp4",
        "0OFBj7EjZ-g.0.0.mp4",
        "0UthxdAH0ks.3.0.mp4",
        "17d79cf8-1924-4566-b8a2-54e41f14b5ea.7.mp4",
        "3205787.1.mp4",
        "4PcpGxihPac.3.4.mp4",
        "5679.1.1.mp4",
        "6303.0.19.mp4",
        "8ouj_JN2ytI.0.4.mp4",
        "Cj6ho1-G6tw.0.1.mp4",
        "cV0altbknxk.0.1.mp4",
        "lJXaNYTVjrQ.1.2.mp4",
        "MuNyfqxAO6Y.8.16.mp4",
        "uWCGK4nneeU.0.2.mp4",
        "as8lT-q2_E8.2.5.mp4",
        "Gel59Iy3YhQ.15.1.mp4",
        "gooWdc6kb80.0.3.mp4",
        "MuNyfqxAO6Y.8.0.mp4",
        "kxcw0iSn0xw.1.1.mp4",
        "4022135.0.2.mp4",
        "4uGfFYzxWEg.5.1.mp4",
        "VaSlqE0Nx2Q.1.0.mp4",
        "vEvBpjCOBu0.4.0.mp4",
        "YBC2JaevzOI.6.5.mp4",
        "1265.1.31.mp4",
        "1a1cecb8-2476-4966-9786-3fe0dce1ec0f.25.mp4",
        "GdRJCTR1KDQ.0.0.mp4",
        "u-dEnJpCGAQ.165.7.mp4",
        "yOo_ZUVU_O8.0.0.mp4",
        "4uGfFYzxWEg.0.2.mp4",
        "0OFBj7EjZ-g.3.2.mp4",
        "LZkl0_9xFOU.7.2.mp4",
        "upC8hjr2b4g.9.6.mp4",
        "3005.1.6.mp4",
        "338.2.3.mp4",
        "KF5p8VIbt0Y.4.0.mp4",
        "RYzkI_5ub58.15.7.mp4",
        "XDndUR0xeAQ.0.0.mp4",
        "y51VUsotZe4.7.3.mp4",
        "ZXloF-qGW4U.2.4.mp4",
        "VaSlqE0Nx2Q.11.4.mp4",
        "5eDQ2SSsmEk.3.1.mp4",
        "215697.0.mp4",
        "6h6bMAWLYAI.0.0.mp4",
        "B_8bbKn3amE.0.14.mp4",
        "cfc703a00c283555505262f88c0adfa40f9b83f87baa642157a773daf98629b1.0.mp4",
        "fT6olrwrjnI.2.1.mp4",
        "fT6olrwrjnI.5.10.mp4",
        "Gel59Iy3YhQ.7.6.mp4",
        "H4AZhS5WqKk.0.15.mp4",
        "hk3sjN_k3-g.0.5.mp4",
        "i82xURPkLWo.3.8.mp4",
        "IWv0EhEGmNI.16.6.mp4",
        "mixkit-aerial-tour-of-a-sandy-plain-41370.0.mp4",
        "rs4B8-qoY1I.4.5.mp4",
        "u5lhJHUwvOs.2.0.mp4",
        "upC8hjr2b4g.0.2.mp4",
        "V2rYzhaxHHE.0.0.mp4",
        "yGsVo0uIJVs.1.6.mp4",
        "yGsVo0uIJVs.8.10.mp4",
        "ZBsv_5fHtIg.0.2.mp4",
        "z9Bw94k7AxQ.0.9.mp4",
        "rjTCFuEL3qM.0.5.mp4",
        "19bc21a39e833776bc9d7a2088d0587bbf9ece0add6c228a0c3f902e99f9d08f.0.mp4",
        "H4AZhS5WqKk.0.20.mp4",
        "VaSlqE0Nx2Q.12.0.mp4",
        "vEvBpjCOBu0.1.1.mp4",
        "yGsVo0uIJVs.3.6.mp4",
        "190.2.14.mp4",
        "upC8hjr2b4g.14.2.mp4",
        "4021222.0.0.mp4",
        "cwjcfAAXIPs.0.11.mp4",
        "5qKYrajRNwo.3.6.mp4",
        "Cj6ho1-G6tw.0.2.mp4",
        "4uGfFYzxWEg.4.2.mp4",
        "0ZH_3bcVRe4.0.1.mp4",
        "2815442.1.mp4",
        "3005.1.16.mp4",
        "6d270d88db28043321dd8a3e0e6204ce7aac74c6fd8916e0b244626e531f2733.2.mp4",
        "942.0.30.mp4",
        "bX8GaZ3O4-Q.3.15.mp4",
        "D2PZUB_lDCk.2.6.mp4",
        "lz5xvWTodyw.8.0.mp4",
        "Oy8yQZ1Wg7k.0.0.mp4",
        "r-BCbF55fxo.0.5.mp4",
        "VKre9_wM3Mo.1.11.mp4",
        "wm7U8nEH59o.0.4.mp4",
        "Gel59Iy3YhQ.36.1.mp4",
        "2519.5.20.mp4",
        "4080.2.4.mp4",
        "60.0.10.mp4",
        "awPo_VZabRc.0.2.mp4",
        "qMeHR2Dc4mQ.3.6.mp4",
        "0OFBj7EjZ-g.3.1.mp4",
        "yGsVo0uIJVs.1.4.mp4",
        "bPZc7avrCT4.6.0.mp4",
        "bPZc7avrCT4.6.1.mp4",
        "QHcK3oJGtCY.0.0.mp4",
        "3pxrECZYEAA.2.8.mp4",
        "vEvBpjCOBu0.5.5.mp4",
        "video_37088.0.mp4",
        "yGsVo0uIJVs.8.9.mp4",
        "8iZ8RtiJq14.2.0.mp4",
        "ti231UvSvfQ.12.4.mp4",
        "2aU6O-hbhmI.0.5.mp4",
        "9ddb5f18be693e72c2dc446d3909d2d59d7036be4466643a956c9fae5e03f977.2.mp4",
        "0OFBj7EjZ-g.2.6.mp4",
        "2022395.0.mp4",
        "mIiPt1YVkP8.3.1.mp4",
        "vEvBpjCOBu0.7.9.mp4",
        "vEvBpjCOBu0.8.5.mp4",
        "u-dEnJpCGAQ.165.0.mp4",
        "GVr8pZmSa-c.7.7.mp4",
        "0OFBj7EjZ-g.0.10.mp4",
        "1560.0.7.mp4",
        "3RI-SNLQePY.28.1.mp4",
        "4881.0.12.mp4",
        "5454.1.17.mp4",
        "D2PZUB_lDCk.2.0.mp4",
        "GdRJCTR1KDQ.0.6.mp4",
        "GdRJCTR1KDQ.1.1.mp4",
        "h1PjJ9_Yd2c.2.1.mp4",
        "K3U7Ybik1wM.4.4.mp4",
        "KdfhMulBsyk.4.2.mp4",
        "Oy8yQZ1Wg7k.0.1.mp4",
        "pfGEdmZyVyY.0.2.mp4",
        "QDEFkpAHUcs.0.8.mp4",
        "TktL3QR8Yg8.0.9.mp4",
        "treWO3ys06g.1.0.mp4",
        "ZkLQqywiwlY.0.3.mp4",
        "34bf236faa7aa7c3237c0f632eff1c38223de7245248a02e6085714223c8cd41.0.mp4",
        "D2PZUB_lDCk.2.5.mp4",
        "Gel59Iy3YhQ.2.3.mp4",
        "K3U7Ybik1wM.1.3.mp4",
        "z9Bw94k7AxQ.0.4.mp4",
        "u-dEnJpCGAQ.8.4.mp4",
        "4080.2.12.mp4",
        "5qKYrajRNwo.3.8.mp4",
        "61.1.1.mp4",
        "7jUW96CiEKA.8.9.mp4",
        "i82xURPkLWo.2.18.mp4",
        "molA_wwvFbk.2.0.mp4",
        "sguYb2y3u6w.1.mp4",
        "0u4NY-YtVII.0.1.mp4",
        "8iZ8RtiJq14.5.4.mp4",
        "yGsVo0uIJVs.3.0.mp4",
        "0096bcca-27a61cb3.3.mp4",
        "i82xURPkLWo.2.7.mp4",
        "Vm-b2AVwARw.1.3.mp4",
        "BV7Q0zYDO9I.2.2.mp4",
        "VKre9_wM3Mo.1.1.mp4",
        "6goFffJ244U.0.0.mp4",
        "_jli4enm3vw.2.mp4",
        "u5lhJHUwvOs.1.0.mp4",
        "1448735.1.mp4",
        "A_StkRKB1jU.0.0.mp4",
        "awPo_VZabRc.6.0.mp4",
        "bPZc7avrCT4.5.9.mp4",
        "bX8GaZ3O4-Q.3.11.mp4",
        "G2EAFkURl0U.5.mp4",
        "KI2lsdXJQ40.2.4.mp4",
        "l5RWa1D00ck.0.0.mp4",
        "r-BCbF55fxo.0.0.mp4",
        "RZs5Hz1klno.7.1.mp4",
        "TvRhfaouBHs.0.2.mp4",
        "VKre9_wM3Mo.4.4.mp4",
        "8SphTOiOe6k.2.8.mp4",
        "u-dEnJpCGAQ.15.1.mp4",
        "kxcw0iSn0xw.5.5.mp4",
        "e_ofen9SDeM.4.0.mp4",
        "mIiPt1YVkP8.12.1.mp4",
        "RZs5Hz1klno.8.1.mp4",
        "uWCGK4nneeU.0.8.mp4",
        "5454.1.13.mp4",
        "qMeHR2Dc4mQ.0.2.mp4",
        "0OFBj7EjZ-g.7.0.mp4",
        "5eDQ2SSsmEk.1.7.mp4",
        "7pqGzmdE5zE.0.3.mp4",
        "d0yGdNEWdn0.0.6.mp4",
        "3036.0.1.mp4",
        "7jUW96CiEKA.0.3.mp4",
        "Cj6ho1-G6tw.0.16.mp4",
        "KF5p8VIbt0Y.5.0.mp4",
        "3HYfPz8lvDI.0.1.mp4",
        "88vmzn_LufA.1.1.mp4",
        "u5lhJHUwvOs.1.3.mp4",
        "338.2.1.mp4",
        "GVr8pZmSa-c.4.5.mp4",
        "3877.0.3.mp4",
        "as8lT-q2_E8.0.3.mp4",
        "YBC2JaevzOI.5.5.mp4",
        "0OFBj7EjZ-g.4.1.mp4",
        "1aa6095ed461f823bd3187040dadd0b56d7340389fa26f691bc611f2da6e7cb8.1.mp4",
        "GdRJCTR1KDQ.0.3.mp4",
        "OrOYvVf6tIM.2.2.mp4",
        "RYzkI_5ub58.3.2.mp4",
        "tJ7xCQpF00s.0.12.mp4",
        "TktL3QR8Yg8.0.7.mp4",
        "wrW0enIo2u8.0.3.mp4",
        "yGsVo0uIJVs.7.3.mp4",
        "05f098e07283ae06f8058a746cd3d87683506af22324a8bdf544b9804e9ae5d5.0.mp4",
        "2dacd61df3146649c49dd1f16adeb7c52d5a447127427c4948b37fc0ae306d7d.1.mp4",
        "6303.0.10.mp4",
        "Ni7AYED85z4.2.15.mp4",
        "JDaw5I_5hPk.0.1.mp4",
        "jVtnuLL2Kqs.0.0.mp4",
        "oJDzh2mVBms.1.4.mp4",
        "pGtjz4v0EE8.0.20.mp4",
        "qU7YXMAicK4.0.2.mp4",
        "tpKEmBQieVo.0.0.mp4",
        "jVtnuLL2Kqs.0.6.mp4",
        "LbY3DdzV0rA.2.3.mp4",
        "LbY3DdzV0rA.2.4.mp4",
        "oJDzh2mVBms.1.7.mp4",
        "oJDzh2mVBms.2.0.mp4",
        "pGtjz4v0EE8.0.6.mp4",
        "qU7YXMAicK4.0.0.mp4",
        "qU7YXMAicK4.0.1.mp4",
        "xhrAGJviQJA.1.3.mp4",
        "4080.2.9.mp4",
        "4881.0.1.mp4",
        "4uGfFYzxWEg.1.3.mp4",
        "6IUJgiKJ_mE.1.mp4",
        "8ouj_JN2ytI.0.12.mp4",
        "bPZc7avrCT4.5.4.mp4",
        "0Pzq0URbL2M.9.3.mp4",
        "4PcpGxihPac.4.0.mp4",
        "5679.1.7.mp4",
        "JDaw5I_5hPk.0.7.mp4",
        "LNHBMFCzznE.0.0.mp4",
        "lTxn2BuqyzU.0.12.mp4",
        "OCBYMQzG44U.2.14.mp4",
        "TP_0Vv5F29I.0.1.mp4",
        "3epU697sU9E.0.0.mp4",
        "ScH9bCyqJ6s.1.4.mp4",
        "60.0.14.mp4",
        "fSWFUFdV5TU.2.6.mp4",
        "1560.0.8.mp4",
        "1934.1.25.mp4",
        "349ebdc44247940e23b5faa00c3181608c8107d57016bc3abcb5587e072bc6db.0.mp4",
        "3HYfPz8lvDI.0.14.mp4",
        "3vBUREkRzug.0.0.mp4",
        "5454.1.11.mp4",
        "6303.0.6.mp4",
        "8LiVGDq01FU.2.13.mp4",
        "9pEqyr_uT-k.0.0.mp4",
        "EFvnpRE9qC8.0.2.mp4",
        "Hv_DRJZZ2qI.2.16.mp4",
        "KdfhMulBsyk.2.8.mp4",
        "lz5xvWTodyw.8.3.mp4",
        "OcSO3INDEsE.0.0.mp4",
        "RYzkI_5ub58.8.3.mp4",
        "ZU6ZU14lCNI.0.3.mp4",
        "00074902de412cbc6d7446dccdad033d1eb8159ed086e247d352e8d930b4da9b.0.mp4",
        "6303.0.16.mp4",
        "P0LyR-c617A.0.2.mp4",
        "ScH9bCyqJ6s.0.0.mp4",
        "xe00XtWyGbs.2.mp4",
        "6PrdQBuXyxQ.0.0.mp4",
        "jVtnuLL2Kqs.1.0.mp4",
        "LbY3DdzV0rA.3.3.mp4",
        "oagszCmJLpU.2.7.mp4",
        "pGtjz4v0EE8.0.5.mp4",
        "vlDzYIIOYmM.0.1.mp4",
        "vlDzYIIOYmM.0.2.mp4",
        "9P2zAwProxo.2.1.mp4",
        "kjI2gyb2hR4.0.1.mp4",
        "oagszCmJLpU.2.3.mp4",
        "oJDzh2mVBms.1.6.mp4",
        "pGtjz4v0EE8.0.19.mp4",
        "qU7YXMAicK4.0.15.mp4",
        "qU7YXMAicK4.0.8.mp4",
        "rGfDPpztcII.0.4.mp4",
        "xhrAGJviQJA.0.3.mp4",
        "xhrAGJviQJA.1.7.mp4",
        "9JBMpzW_B58.2.1.mp4",
        "b9-cHk-7N8k.1.0.mp4",
        "LbY3DdzV0rA.2.6.mp4",
        "oagszCmJLpU.1.2.mp4",
        "oagszCmJLpU.3.1.mp4",
        "oJDzh2mVBms.0.1.mp4",
        "oJDzh2mVBms.1.2.mp4",
        "BNzc6hG3yN4.2.0.mp4",
        "Dd1VIeTMGQs.0.1.mp4",
        "E8eNXv97YFY.1.5.mp4",
        "jVtnuLL2Kqs.0.12.mp4",
        "oagszCmJLpU.4.0.mp4",
        "pGtjz4v0EE8.1.4.mp4",
        "tpKEmBQieVo.0.2.mp4",
        "b9-cHk-7N8k.1.4.mp4",
        "IyTv_SR2uUo.1.5.mp4",
        "LbY3DdzV0rA.2.7.mp4",
        "oagszCmJLpU.3.6.mp4",
        "T3OfWBxWRhE.0.7.mp4",
        "xhrAGJviQJA.0.2.mp4",
        "39d6dWSdpLY.1.1.mp4",
        "AHrCI9eSJGQ.3.0.mp4",
        "E8eNXv97YFY.1.4.mp4",
        "jVtnuLL2Kqs.0.13.mp4",
        "kjI2gyb2hR4.1.0.mp4",
        "oJDzh2mVBms.0.0.mp4",
        "T3OfWBxWRhE.0.2.mp4",
        "T3OfWBxWRhE.0.5.mp4",
        "yIxnb1SaT14.0.26.mp4",
        "9JBMpzW_B58.4.0.mp4",
        "AHrCI9eSJGQ.0.0.mp4",
        "AHrCI9eSJGQ.6.0.mp4",
        "b9-cHk-7N8k.0.4.mp4",
        "LbY3DdzV0rA.3.5.mp4",
        "LbY3DdzV0rA.5.0.mp4",
        "lkAGyeDKxG4.0.1.mp4",
        "lkAGyeDKxG4.0.3.mp4",
        "lkAGyeDKxG4.0.5.mp4",
        "lkAGyeDKxG4.0.6.mp4",
        "pGtjz4v0EE8.0.22.mp4",
        "T3OfWBxWRhE.0.6.mp4",
        "HM5J6qAytJY.1.1.mp4",
        "hmVHumNMEGw.2.0.mp4",
        "LbY3DdzV0rA.0.0.mp4",
        "lkAGyeDKxG4.0.0.mp4",
        "oagszCmJLpU.1.1.mp4",
        "oJDzh2mVBms.0.3.mp4",
        "pGtjz4v0EE8.0.18.mp4",
        "vlDzYIIOYmM.1.3.mp4",
        "W4l_O9DZC3w.0.0.mp4",
        "W4l_O9DZC3w.0.3.mp4",
        "W4l_O9DZC3w.1.0.mp4",
        "4f3hG-5grlw.3.0.mp4",
        "6PrdQBuXyxQ.0.1.mp4",
        "7zBUn2MT6D0.0.1.mp4",
        "9a2bcede65764d9e51445eb4dd3007957dfa0b33d28daf48f6932bcf0de79b28.1.mp4",
        "AHrCI9eSJGQ.4.0.mp4",
        "JGiXuXc3cao.11.3.mp4",
        "jVtnuLL2Kqs.0.7.mp4",
        "nxrDoOUASFY.0.0.mp4",
        "oagszCmJLpU.2.4.mp4",
        "oagszCmJLpU.5.0.mp4",
        "W4l_O9DZC3w.0.2.mp4",
        "XM2d9-l73xE.0.0.mp4",
        "XM2d9-l73xE.2.0.mp4",
        "ZADlkbr7Avg.1.2.mp4",
        "-2uIa-XMJC0.4.0.mp4",
        "4uGfFYzxWEg.1.5.mp4",
        "-FGVJS3rT80.0.6.mp4",
        "kxcw0iSn0xw.5.1.mp4",
        "lTxn2BuqyzU.0.6.mp4",
        "LtXUoaZcp70.7.4.mp4",
        "QaRnEZFM6ZQ.1.0.mp4",
        "qMeHR2Dc4mQ.3.7.mp4",
        "sLX9J2NBL3w.0.2.mp4",
        "VO8Bk03Xv90.1.0.mp4",
        "aVA7aXOH1pk.3.0.mp4",
        "1018.1.8.mp4",
        "Gel59Iy3YhQ.37.2.mp4",
        "lz5xvWTodyw.0.0.mp4",
        "mlShD2AvbV8.5.2.mp4",
        "y51VUsotZe4.0.1.mp4",
        "0Pzq0URbL2M.3.0.mp4",
        "4f3hG-5grlw.2.1.mp4",
        "LZkl0_9xFOU.9.3.mp4",
        "RYzkI_5ub58.3.11.mp4",
        "88vmzn_LufA.2.3.mp4",
        "DEypDAnnJL0.4.0.mp4",
        "mIiPt1YVkP8.3.7.mp4",
        "VKre9_wM3Mo.3.1.mp4",
        "0UthxdAH0ks.2.4.mp4",
        "6aef88c40ab56905fa975814538e0bfb28c0fa115eb0e8083da1740203b729e5.0.mp4",
        "fSWFUFdV5TU.1.0.mp4",
        "0Pzq0URbL2M.10.0.mp4",
        "Gel59Iy3YhQ.0.3.mp4",
        "Ejcl5Jk_4QU.2.1.mp4",
        "4021535.0.2.mp4",
        "8iZ8RtiJq14.9.2.mp4",
        "fSWFUFdV5TU.2.2.mp4",
        "fUjoIUTFH1I.0.20.mp4",
        "KI2lsdXJQ40.2.0.mp4",
        "OCBYMQzG44U.2.5.mp4",
        "un7JOh6x-c4.0.mp4",
        "yQLgp8trSDc.0.0.mp4",
        "11e0d87e35ed7915e18ae4e7ad667f89a696cdf84b673c6f79cd8755122cfccb.0.mp4",
        "390ce06661b7e4e698fd727ac359f056cd99ef6f70a24dc8fc8f3dae82b09348.0.mp4",
        "60.0.26.mp4",
        "Gel59Iy3YhQ.52.2.mp4",
        "17d79cf8-1924-4566-b8a2-54e41f14b5ea.22.mp4",
        "Ejcl5Jk_4QU.8.1.mp4",
        "fP5UM4elIes.1.2.mp4",
        "hpTEzp-6CkM.0.5.mp4",
        "KB3KMUw54Hc.0.6.mp4",
        "VKre9_wM3Mo.1.6.mp4",
        "YakCuBMlQXQ.0.3.mp4",
        "1018.1.9.mp4",
        "1934.1.9.mp4",
        "5ZMi2aq_TR8_4410_4710.0.mp4",
        "bME1yNFRwBI_53490_54810.1.mp4",
        "EmfnOt6464Q.0.3.mp4",
        "ePbK0tiVWKY_0_300.0.mp4",
        "ICxC5ekWnUc_1080_1380.0.0.mp4",
        "mixkit-pair-of-little-girls-on-a-beach-at-sunset-44502.0.mp4",
        "oiNiHSptuw0_4470_5400.1.mp4",
        "QMlfVwN3iTw.0.1.mp4",
        "VaSlqE0Nx2Q.2.0.mp4",
        "yAgI51QvWxs.0.7.mp4",
        "1934.1.11.mp4",
        "3Aos1Z2htDU_840_1080.0.mp4",
        "6MJ04n6WX1k.0.1.mp4",
        "901qPlHt97U_3270_3480.0.mp4",
        "m4_9TFeMfJE_240_420.0.mp4",
        "MY07V24n5cE_4260_4410.0.mp4",
        "oVXs1Lo_4pk_2400_4200.0.0.mp4",
        "QDEFkpAHUcs.0.6.mp4",
        "QMlfVwN3iTw.7.0.mp4",
        "RolttrarOOA.0.3.mp4",
        "tA1s65o_kYM_570_960.0.mp4",
        "Tou0A46OLBY_300_510.0.1.mp4",
        "upC8hjr2b4g.6.3.mp4",
        "uWCGK4nneeU.5.0.mp4",
        "0u4NY-YtVII.6.1.mp4",
        "BV7Q0zYDO9I.3.0.mp4",
        "px9IqOnilHI.1.2.mp4",
        "S26CHpcD2zk.0.4.mp4",
        "sJsu7Tv-fRY.7.2.mp4",
        "vEvBpjCOBu0.2.1.mp4",
        "4uGfFYzxWEg.6.3.mp4",
        "aVA7aXOH1pk.0.1.mp4",
        "hCr1JvdvBqs.0.6.mp4",
        "HxHJqnaPIt8.0.1.mp4",
        "ti231UvSvfQ.17.1.mp4",
        "vEvBpjCOBu0.6.1.mp4",
        "XA2X_JBzkzY.4.2.mp4",
        "y0aS2n1WmMg.0.0.mp4",
        "0UthxdAH0ks.8.0.mp4",
        "4847.13.11.mp4",
        "-F9hoWSAX5w.0.4.mp4",
        "IWv0EhEGmNI.17.4.mp4",
        "wQ09HsEKmvE.1.1.mp4",
        "0u4NY-YtVII.4.0.mp4",
        "6tfao7CZ0xQ.1.0.mp4",
        "BruiisujNJY.0.8.mp4",
        "DEypDAnnJL0.1.1.mp4",
        "FOtmU0oJf-8.0.3.mp4",
        "hCr1JvdvBqs.1.9.mp4",
        "J5Pnh0UcNxg.2.2.mp4",
        "MQugcNLFI9k.2.6.mp4",
        "RWowkceF7sI.0.0.mp4",
        "sJsu7Tv-fRY.5.3.mp4",
        "u5JBlwlnJX0.0.1.mp4",
        "u-dEnJpCGAQ.3.4.mp4",
        "y51VUsotZe4.8.3.mp4",
        "0Pzq0URbL2M.3.7.mp4",
        "Gel59Iy3YhQ.42.7.mp4",
        "GjEImPidK4g.0.4.mp4",
        "jGDdHNOeQ0c.0.1.mp4",
        "s7I9Ab9rXkU.0.0.mp4",
        "SsbNOKn2cOs.3.2.mp4",
        "tMdmEr4xAX8.0.6.mp4",
        "VaSlqE0Nx2Q.12.5.mp4",
        "xo9p8p6deRI.6.2.mp4",
        "-eyUFAJ1xqo.1.3.mp4",
        "qYztDs8vPBg.2.2.mp4",
        "0OFBj7EjZ-g.0.15.mp4",
        "1470.0.4.mp4",
        "2530.0.10.mp4",
        "lTxn2BuqyzU.0.9.mp4",
        "QYAWxJ8a7RA.1.0.mp4",
        "y0aS2n1WmMg.0.2.mp4",
        "yGsVo0uIJVs.5.9.mp4",
        "6303.0.21.mp4",
        "KoJ0Pih0Ssc.6.0.mp4",
        "0Pzq0URbL2M.4.3.mp4",
        "3HYfPz8lvDI.3.7.mp4",
        "j7WbkzvTuU8.2.5.mp4",
        "KoJ0Pih0Ssc.2.6.mp4",
        "kxcw0iSn0xw.0.5.mp4",
        "Gel59Iy3YhQ.13.2.mp4",
        "1470.0.22.mp4",
        "1934.1.18.mp4",
        "3epU697sU9E.6.1.mp4",
        "6d270d88db28043321dd8a3e0e6204ce7aac74c6fd8916e0b244626e531f2733.6.mp4",
        "BKX6EhDrgqQ.3.2.mp4",
        "Gel59Iy3YhQ.8.1.mp4",
        "gooWdc6kb80.0.8.mp4",
        "rfg9l66Eskw.0.1.mp4",
        "RolttrarOOA.0.0.mp4",
        "u5JBlwlnJX0.2.1.mp4",
        "0Pzq0URbL2M.6.0.mp4",
        "vEvBpjCOBu0.5.1.mp4",
        "005a89388809aac833a0dc2389ac39f396cc64e4d03a30ec3dab8944db09183e.2.mp4",
        "d0yGdNEWdn0.0.7.mp4",
        "338.2.7.mp4",
        "6303.0.26.mp4",
        "88vmzn_LufA.1.0.mp4",
        "L4qMX-4aI_4.0.3.mp4",
        "Ml-9GyPK_hw.10.4.mp4",
        "mNw95NVxGSM.0.15.mp4",
        "qYztDs8vPBg.0.0.mp4",
        "sJsu7Tv-fRY.7.1.mp4",
        "ti231UvSvfQ.7.0.mp4",
        "X9cMkpfnszo.0.0.mp4",
        "187.6.13.mp4",
        "3pxrECZYEAA.1.1.mp4",
        "4wVZXprwOSQ.0.1.mp4",
        "FbSNaKmBfO0.0.0.mp4",
        "Gel59Iy3YhQ.17.0.mp4",
        "HasIb5pfWkQ.1.6.mp4",
        "IAVXdvsmqBM.0.1.mp4",
        "kxcw0iSn0xw.5.3.mp4",
        "LZkl0_9xFOU.17.2.mp4",
        "rtzeq_jtXHU.0.3.mp4",
        "sJsu7Tv-fRY.5.0.mp4",
        "t2_J-RVP7EM.2.3.mp4",
        "t2_J-RVP7EM.5.3.mp4",
        "XA2X_JBzkzY.3.3.mp4",
        "yAgI51QvWxs.1.4.mp4",
        "Zj8RcNRixNM.0.4.mp4",
        "1470.0.21.mp4",
        "kxcw0iSn0xw.3.0.mp4",
        "HYl9QIJJvdA.0.2.mp4",
        "JGiXuXc3cao.2.5.mp4",
        "DEypDAnnJL0.6.5.mp4",
        "RYzkI_5ub58.8.5.mp4",
        "u-dEnJpCGAQ.15.3.mp4",
        "2815442.0.mp4",
        "lJXaNYTVjrQ.0.1.mp4",
        "u5lhJHUwvOs.4.7.mp4",
        "1497.1.18.mp4",
        "ce7a2df064c272a750b3eaa0e6ea6aa10e975f2df17b825549ca3c439aaf0317.0.mp4",
        "ljg_EgXMjO0.3.0.mp4",
        "TktL3QR8Yg8.5.9.mp4",
        "0UthxdAH0ks.1.3.mp4",
        "JGiXuXc3cao.12.5.mp4",
        "hHG1wva1B0w.0.1.mp4",
        "upC8hjr2b4g.9.3.mp4",
        "fUjoIUTFH1I.0.14.mp4",
        "4021226.0.2.mp4",
        "4PcpGxihPac.1.3.mp4",
        "7pqGzmdE5zE.2.0.mp4",
        "fUjoIUTFH1I.0.19.mp4",
        "Gel59Iy3YhQ.32.2.mp4",
        "Gel59Iy3YhQ.7.7.mp4",
        "Hv_DRJZZ2qI.2.6.mp4",
        "KI2lsdXJQ40.0.14.mp4",
        "LZkl0_9xFOU.15.0.mp4",
        "mlShD2AvbV8.5.6.mp4",
        "rfg9l66Eskw.0.0.mp4",
        "RolttrarOOA.0.4.mp4",
        "RuWhYFn82SY.0.0.mp4",
        "RZs5Hz1klno.2.3.mp4",
        "V2rYzhaxHHE.0.1.mp4",
        "VaSlqE0Nx2Q.5.0.mp4",
        "YBC2JaevzOI.6.6.mp4",
        "yGsVo0uIJVs.2.5.mp4",
        "1CZqpqyPbxk.1.1.mp4",
        "H4AZhS5WqKk.2.9.mp4",
        "w-HYZv6HzAs.3.6.mp4",
        "KAer-wHAd38.5.0.mp4",
        "ky5uvjPVhk8.3.6.mp4",
        "molA_wwvFbk.5.0.mp4",
        "sDdXSNcgu-w.0.0.mp4",
        "4PcpGxihPac.3.2.mp4",
        "60.0.40.mp4",
        "hHG1wva1B0w.11.1.mp4",
        "LZkl0_9xFOU.14.0.mp4",
        "Ml-9GyPK_hw.7.7.mp4",
        "ScH9bCyqJ6s.1.3.mp4",
        "sdidb7Z8IUc.6.2.mp4",
        "t2_J-RVP7EM.10.4.mp4",
        "upC8hjr2b4g.10.2.mp4",
        "3HYfPz8lvDI.5.0.mp4",
        "5eDQ2SSsmEk.4.6.mp4",
        "GjEImPidK4g.7.0.mp4",
        "G_TLZr6ZbLE.0.0.mp4",
        "_I6Y-rtiTPc.0.2.mp4",
        "iA1xQ0W1vdE.0.2.mp4",
        "oRt5NPY7yYA.3.4.mp4",
        "RZs5Hz1klno.1.6.mp4",
        "upC8hjr2b4g.12.0.mp4",
        "0LCrNFZH8es.2.6.mp4",
        "3iH8l6dN6Ow.0.1.mp4",
        "B_8bbKn3amE.0.9.mp4",
        "DEypDAnnJL0.5.3.mp4",
        "FOtmU0oJf-8.0.2.mp4",
        "fP5UM4elIes.0.5.mp4",
        "H3k1uxgxAUM.0.5.mp4",
        "HasIb5pfWkQ.1.9.mp4",
        "kxcw0iSn0xw.0.0.mp4",
        "lJXaNYTVjrQ.0.3.mp4",
        "onVhbeY7nLM.1.0.mp4",
        "xEo1cgaU3VE.0.14.mp4",
        "3epU697sU9E.0.1.mp4",
        "5X5i4qN6M88.2.1.mp4",
        "bazSwSbo9rU.4.0.mp4",
        "CBRwF0LU3Ys.0.12.mp4",
        "e_ofen9SDeM.2.6.mp4",
        "MuNyfqxAO6Y.8.20.mp4",
        "upC8hjr2b4g.10.1.mp4",
        "vEvBpjCOBu0.5.0.mp4",
        "XA2X_JBzkzY.2.2.mp4",
        "YBC2JaevzOI.0.0.mp4",
        "0Pzq0URbL2M.6.2.mp4",
        "0tIoyN7WKuA.1.2.mp4",
        "5eDQ2SSsmEk.3.6.mp4",
        "6YDWsGwz2lI.0.11.mp4",
        "bCowyYPCYts.2.0.mp4",
        "C4Ktho9cjYk.0.5.mp4",
        "m3bwXvQoAdo.0.4.mp4",
        "MK_p4kzcPVY.0.1.mp4",
        "MQugcNLFI9k.5.4.mp4",
        "QMlfVwN3iTw.5.0.mp4",
        "sdidb7Z8IUc.9.0.mp4",
        "vEvBpjCOBu0.6.0.mp4",
        "-WjxasGriTg.0.2.mp4",
        "xo9p8p6deRI.10.3.mp4",
        "3HYfPz8lvDI.0.3.mp4",
        "4uGfFYzxWEg.4.9.mp4",
        "5eDQ2SSsmEk.2.4.mp4",
        "C4Ktho9cjYk.0.2.mp4",
        "C4Ktho9cjYk.0.3.mp4",
        "kxcw0iSn0xw.6.4.mp4",
        "m20va1k2wHM.0.10.mp4",
        "px9IqOnilHI.1.7.mp4",
        "Yp5eTT6kZIo.3.1.mp4",
        "3epU697sU9E.1.6.mp4",
        "3epU697sU9E.7.3.mp4",
        "5X5i4qN6M88.3.0.mp4",
        "FSvRy0un_Jc.0.19.mp4",
        "HTMDNZOlUq4.0.2.mp4",
        "JGiXuXc3cao.7.4.mp4",
        "KB3KMUw54Hc.4.1.mp4",
        "kxcw0iSn0xw.5.0.mp4",
        "LNHBMFCzznE.5.2.mp4",
        "lz5xvWTodyw.9.3.mp4",
        "LZkl0_9xFOU.9.2.mp4",
        "Ml-9GyPK_hw.4.3.mp4",
        "MQugcNLFI9k.4.10.mp4",
        "NJm86fzxG8s.4.5.mp4",
        "u35WIs62R2M.8.1.mp4",
        "88vmzn_LufA.3.1.mp4",
        "KoJ0Pih0Ssc.2.0.mp4",
        "px9IqOnilHI.1.5.mp4",
        "sLX9J2NBL3w.0.3.mp4",
        "U8VTyhXnCTA.0.0.mp4",
        "5eDQ2SSsmEk.14.2.mp4",
        "fUjoIUTFH1I.0.22.mp4",
        "4uGfFYzxWEg.4.6.mp4",
        "5933.2.7.mp4",
        "rjTCFuEL3qM.0.2.mp4",
        "0OFBj7EjZ-g.5.2.mp4",
        "8iZ8RtiJq14.5.2.mp4",
        "hHG1wva1B0w.0.5.mp4",
        "1018.1.7.mp4",
        "anEdRKaWM-I.0.2.mp4",
        "K3U7Ybik1wM.3.0.mp4",
        "qMeHR2Dc4mQ.0.3.mp4",
        "Gel59Iy3YhQ.16.6.mp4",
        "6YDWsGwz2lI.0.10.mp4",
        "hHG1wva1B0w.4.1.mp4",
        "YBC2JaevzOI.7.2.mp4",
        "bazSwSbo9rU.4.3.mp4",
        "KI2lsdXJQ40.2.1.mp4",
        "05731ef7fa120a8befcc44befbc8969e959062b2ad94cebfc3e6d87c1295d11e.0.mp4",
        "4uGfFYzxWEg.12.0.mp4",
        "bazSwSbo9rU.2.0.mp4",
        "bPZc7avrCT4.0.2.mp4",
        "h1PjJ9_Yd2c.0.5.mp4",
        "i82xURPkLWo.3.12.mp4",
        "i82xURPkLWo.3.2.mp4",
        "Lt9Gg6SIU0Y.5.1.mp4",
        "MPX29k4uwSg.0.1.mp4",
        "Nf9ZJM8MKuM.5.0.mp4",
        "SXe40DWaA6A.0.2.mp4",
        "ti231UvSvfQ.7.3.mp4",
        "u-dEnJpCGAQ.3.3.mp4",
        "u-dEnJpCGAQ.8.11.mp4",
        "xo9p8p6deRI.3.3.mp4",
        "yGsVo0uIJVs.7.9.mp4",
        "opXBWdk-mbQ.0.1.mp4",
        "upC8hjr2b4g.6.2.mp4",
        "4881.0.5.mp4",
        "OrOYvVf6tIM.2.6.mp4",
        "HasIb5pfWkQ.3.2.mp4",
        "u35WIs62R2M.6.4.mp4",
        "YBC2JaevzOI.1.4.mp4",
        "338.2.18.mp4",
        "4uGfFYzxWEg.5.0.mp4",
        "5eDQ2SSsmEk.2.3.mp4",
        "m1LHXV49zn8.4.0.mp4",
        "P9Z0XP6mkCg.0.1.mp4",
        "1194c98bc5d77ed5763a745d52e227e7bff94fd535e0c0ff9b4472e83e7cb752.0.mp4",
        "0OFBj7EjZ-g.0.2.mp4",
        "5eDQ2SSsmEk.8.2.mp4",
        "66abc01f9d6f8705fc83328c23989b377fcabd5247d61e5b70baab29c752cd82.0.mp4",
        "QYAWxJ8a7RA.5.1.mp4",
        "RZs5Hz1klno.8.8.mp4",
        "4PcpGxihPac.0.0.mp4",
        "0Pzq0URbL2M.6.7.mp4",
        "5eDQ2SSsmEk.14.0.mp4",
        "-eyUFAJ1xqo.2.1.mp4",
        "L0zS8z8YqJ8.0.1.mp4",
        "h1PjJ9_Yd2c.5.3.mp4",
        "F7iLfuci75Y.7.1.mp4",
        "2519.5.4.mp4",
        "treWO3ys06g.0.1.mp4",
        "5qKYrajRNwo.3.5.mp4",
        "0Um7WnY72Us.4.1.mp4",
        "154586.0.mp4",
        "223333.0.mp4",
        "5eDQ2SSsmEk.10.1.mp4",
        "6d270d88db28043321dd8a3e0e6204ce7aac74c6fd8916e0b244626e531f2733.1.mp4",
        "8iZ8RtiJq14.7.3.mp4",
        "9jLZPZEIWq0.0.0.mp4",
        "ca08j8ASdOw.0.0.mp4",
        "FV7PVgF3jz4.0.6.mp4",
        "kxcw0iSn0xw.2.5.mp4",
        "mIiPt1YVkP8.11.0.mp4",
        "Ni7AYED85z4.2.12.mp4",
        "PIvOfcR77SQ.2.6.mp4",
        "T6ft5Qf8C7M.0.0.mp4",
        "xBFcUI4z0Wk.4.mp4",
        "zm4yj2Y1nVA.0.0.mp4",
        "01d049bb34201744344139f0253c21450f8387a3b8076a57667b61c4f2c6450c.0.mp4",
        "4080.2.31.mp4",
        "4847.13.9.mp4",
        "5qKYrajRNwo.2.13.mp4",
        "bPZc7avrCT4.5.2.mp4",
        "lz5xvWTodyw.7.0.mp4",
        "3125982.1.mp4",
        "47f4df7877163fa635cf93fa75853a526b9f738b9c08d43f0126b81b721045d7.0.mp4",
        "_6DLjNKtENQ.0.7.mp4",
        "GdRJCTR1KDQ.1.4.mp4",
        "kxcw0iSn0xw.0.2.mp4",
        "pNGMY3xVkVE.0.1.mp4",
        "qYztDs8vPBg.4.2.mp4",
        "4021682.0.0.mp4",
        "4080.2.30.mp4",
        "7jUW96CiEKA.0.5.mp4",
        "7jUW96CiEKA.8.10.mp4",
        "7O1eibuPn84.3.6.mp4",
        "8LiVGDq01FU.2.0.mp4",
        "9c0f08e0b5320fa4c6feb8137f23143e9c72587815db316a221da5a97ad8c755.1.mp4",
        "IWv0EhEGmNI.16.9.mp4",
        "KI2lsdXJQ40.0.9.mp4",
        "KI2lsdXJQ40.2.2.mp4",
        "Kzy3n-8A-vA.0.0.mp4",
        "mXZ45yLpg14.0.4.mp4",
        "R_yMclBMw5k.0.0.mp4",
        "ScH9bCyqJ6s.5.0.mp4"
    ]
}