{
    "label": "cam_setup.height_wrt_ground.height_wrt_ground_change_from_high_to_low",
    "label_name": "Height Wrt Ground Change From High To Low",
    "definition": "Does the camera height decrease noticeably in relation to the ground, shifting between levels like aerial, overhead, eye, hip, or ground?",
    "pos": [
        "BNzc6hG3yN4.0.9.mp4",
        "TP_0Vv5F29I.2.3.mp4",
        "RxrFsOEIRCE.1.1.mp4",
        "vEvBpjCOBu0.3.2.mp4",
        "xo9p8p6deRI.3.4.mp4",
        "RxrFsOEIRCE.0.2.mp4",
        "014b598a20bf1546bdafb45fe67731b0192c32575f53a4313298b736e5248736.2.mp4",
        "LZkl0_9xFOU.9.0.mp4",
        "0Pzq0URbL2M.0.3.mp4",
        "49e146fc-6e42-4983-a41d-898213cd3675.mp4",
        "0CGA_2HFWnU_0005_0001.mp4",
        "0CGA_2HFWnU_0009_0005.mp4",
        "M0jmSsQ5ptw.0.1.mp4",
        "7doSPNWTAZU_0012_0015.mp4",
        "b48e7d79-caae-492e-857d-7fac69c0e407.mp4",
        "KoJ0Pih0Ssc.4.2.mp4",
        "yGsVo0uIJVs.2.8.mp4",
        "4859.1.0.mp4",
        "BV1x54y1e7zf_3.mp4",
        "FiPrQ40F7qo_1.mp4",
        "-2uIa-XMJC0.6.0.mp4",
        "CBRwF0LU3Ys.0.6.mp4",
        "zJe05HKXf5Q.0.mp4",
        "IWv0EhEGmNI.3.5.mp4",
        "8LiVGDq01FU.0.11.mp4",
        "u5lhJHUwvOs.8.5.mp4",
        "17d79cf8-1924-4566-b8a2-54e41f14b5ea.1.mp4",
        "xo9p8p6deRI.10.4.mp4",
        "YakCuBMlQXQ.3.3.mp4",
        "j7WbkzvTuU8.5.3.mp4",
        "L0zS8z8YqJ8.0.3.mp4",
        "VKre9_wM3Mo.5.0.mp4",
        "oRt5NPY7yYA.3.1.mp4",
        "17d79cf8-1924-4566-b8a2-54e41f14b5ea.12.mp4",
        "awPo_VZabRc.2.3.mp4",
        "LtXUoaZcp70.3.3.mp4",
        "yGsVo0uIJVs.2.0.mp4",
        "IWv0EhEGmNI.14.1.mp4",
        "_9uubGlzlAY.2.mp4",
        "Ni7AYED85z4.2.9.mp4",
        "x6P57x1gx94.0.3.mp4",
        "CjPSzAtLzO8.0.9.mp4",
        "FfSnJdpFBb8.0.1.mp4",
        "TP_0Vv5F29I.0.0.mp4",
        "TvRhfaouBHs.0.1.mp4",
        "-2uIa-XMJC0.8.2.mp4",
        "Gel59Iy3YhQ.7.6.mp4",
        "i82xURPkLWo.3.1.mp4",
        "f4ZzHtww6Tc.2.11.mp4",
        "KoJ0Pih0Ssc.5.0.mp4",
        "0Pzq0URbL2M.10.3.mp4",
        "5454.1.13.mp4",
        "ocLJWCnMhTo.2.4.mp4",
        "9P2zAwProxo.0.2.mp4",
        "BNzc6hG3yN4.0.6.mp4",
        "ocLJWCnMhTo.1.8.mp4",
        "ocLJWCnMhTo.1.1.mp4",
        "ocLJWCnMhTo.1.3.mp4",
        "ocLJWCnMhTo.0.1.mp4",
        "9P2zAwProxo.0.5.mp4",
        "ocLJWCnMhTo.0.7.mp4",
        "39d6dWSdpLY.1.1.mp4",
        "9P2zAwProxo.3.0.mp4",
        "BNzc6hG3yN4.1.2.mp4",
        "VYea_nN8thI.0.1.mp4",
        "HYl9QIJJvdA.1.3.mp4",
        "0Pzq0URbL2M.10.0.mp4",
        "BKX6EhDrgqQ.5.1.mp4",
        "Y6Wb8bylSYM.0.2.mp4",
        "zu3K-bc67bo.0.0.mp4",
        "k7AU_JfJYYw.0.0.mp4",
        "KoJ0Pih0Ssc.6.0.mp4",
        "FqDKHWjpVVQ.2.mp4",
        "3epU697sU9E.3.2.mp4",
        "upC8hjr2b4g.10.2.mp4",
        "upC8hjr2b4g.1.1.mp4",
        "8iZ8RtiJq14.6.5.mp4",
        "0LCrNFZH8es.2.6.mp4",
        "HasIb5pfWkQ.1.9.mp4",
        "C4Ktho9cjYk.0.6.mp4",
        "0tIoyN7WKuA.1.2.mp4",
        "4uGfFYzxWEg.9.2.mp4",
        "8iZ8RtiJq14.5.3.mp4",
        "C4Ktho9cjYk.0.5.mp4",
        "MQugcNLFI9k.5.4.mp4",
        "4uGfFYzxWEg.4.9.mp4",
        "C4Ktho9cjYk.0.2.mp4",
        "M_jeYkZVn6U.0.1.mp4",
        "RZs5Hz1klno.1.1.mp4",
        "x8d3IncZBQA.0.0.mp4",
        "4022437.0.7.mp4",
        "CBRwF0LU3Ys.0.11.mp4",
        "VJgzJ6afmS4.1.2.mp4",
        "CBRwF0LU3Ys.0.14.mp4"
    ],
    "neg": [
        "-LQfHIGj-Uc.0.0.mp4",
        "pGtjz4v0EE8.1.1.mp4",
        "X9_qzu2OCyA.0.2.mp4",
        "xhrAGJviQJA.1.2.mp4",
        "0XjaCd9gj98.0.0.mp4",
        "88vmzn_LufA.4.3.mp4",
        "Gel59Iy3YhQ.5.1.mp4",
        "88vmzn_LufA.6.2.mp4",
        "-2uIa-XMJC0.5.9.mp4",
        "as8lT-q2_E8.0.0.mp4",
        "lz5xvWTodyw.3.2.mp4",
        "x6P57x1gx94.0.7.mp4",
        "ZBsv_5fHtIg.0.3.mp4",
        "Uofofz62A2E.0.0.mp4",
        "KoJ0Pih0Ssc.4.3.mp4",
        "8iZ8RtiJq14.3.3.mp4",
        "L0zS8z8YqJ8.4.2.mp4",
        "JpEfHcVrtXI.2.0.mp4",
        "5fe377ef-0968-436f-9e74-3e4e8f42ac59.mp4",
        "9d8ecb72-9fa9-4cd5-81bd-85abd524b0eb.mp4",
        "0CGA_2HFWnU_0001_0005.mp4",
        "c1a9702c-e10e-42a4-9bc2-23453f610eaa.mp4",
        "h5CwaVjF_78_0027_0031.mp4",
        "3b0ac364-0c9d-4577-894f-04556b578bb3.mp4",
        "05824008-d2c4-4fd2-82a7-c9fc0cbdfb3d.mp4",
        "0Pzq0URbL2M.0.5.mp4",
        "m1LHXV49zn8.2.9.mp4",
        "4uGfFYzxWEg.4.3.mp4",
        "mlUKWRnYzR4.0.9.mp4",
        "xo9p8p6deRI.0.0.mp4",
        "_ZYHlc2Niaw.3.5.mp4",
        "DdDEU8AOQo0_127_129.mp4",
        "fXCfGwUY52g_42_47.mp4",
        "98LLOYn_EXA_193_204.mp4",
        "KoJ0Pih0Ssc.5.6.mp4",
        "FqDKHWjpVVQ.15.mp4",
        "3epU697sU9E.3.4.mp4",
        "MlQeLoTUoZE.25.5.mp4",
        "Cj6ho1-G6tw.0.13.mp4",
        "xo9p8p6deRI.3.0.mp4",
        "17d79cf8-1924-4566-b8a2-54e41f14b5ea.3.mp4",
        "4uGfFYzxWEg.0.3.mp4",
        "Mv7J2CLBYBk.2.0.mp4",
        "yGsVo0uIJVs.5.1.mp4",
        "lz5xvWTodyw.3.1.mp4",
        "YakCuBMlQXQ.0.2.mp4",
        "4859.1.26.mp4",
        "IWv0EhEGmNI.3.2.mp4",
        "HYl9QIJJvdA.1.1.mp4",
        "kbE_OmSE_h4.0.0.mp4",
        "ct7R8nnI-s0.9.0.mp4",
        "zJe05HKXf5Q.1.mp4",
        "hHG1wva1B0w.5.1.mp4",
        "3HYfPz8lvDI.1.5.mp4",
        "4uGfFYzxWEg.4.4.mp4",
        "wIYD42DV3Ro.0.5.mp4",
        "0Pzq0URbL2M.6.3.mp4",
        "Cj6ho1-G6tw.0.20.mp4",
        "KoJ0Pih0Ssc.4.1.mp4",
        "f4ZzHtww6Tc.2.19.mp4",
        "2dacd61df3146649c49dd1f16adeb7c52d5a447127427c4948b37fc0ae306d7d.0.mp4",
        "88vmzn_LufA.6.1.mp4",
        "4859.1.9.mp4",
        "4uGfFYzxWEg.0.6.mp4",
        "bazSwSbo9rU.2.5.mp4",
        "KdfhMulBsyk.5.3.mp4",
        "Cj6ho1-G6tw.0.2.mp4",
        "QPqOP1iaxkc.0.0.mp4",
        "LtXUoaZcp70.6.3.mp4",
        "ZkLQqywiwlY.0.3.mp4",
        "H4AZhS5WqKk.2.14.mp4",
        "1497.1.24.mp4",
        "2dacd61df3146649c49dd1f16adeb7c52d5a447127427c4948b37fc0ae306d7d.1.mp4",
        "BNzc6hG3yN4.1.0.mp4",
        "BNzc6hG3yN4.1.1.mp4",
        "ocLJWCnMhTo.1.7.mp4",
        "ocLJWCnMhTo.2.5.mp4",
        "ocLJWCnMhTo.1.0.mp4",
        "BNzc6hG3yN4.0.0.mp4",
        "ocLJWCnMhTo.0.0.mp4",
        "ocLJWCnMhTo.0.2.mp4",
        "ocLJWCnMhTo.2.2.mp4",
        "ocLJWCnMhTo.0.3.mp4",
        "ocLJWCnMhTo.2.3.mp4",
        "ocLJWCnMhTo.1.4.mp4",
        "ocLJWCnMhTo.1.5.mp4",
        "ocLJWCnMhTo.1.6.mp4",
        "ocLJWCnMhTo.1.9.mp4",
        "4uGfFYzxWEg.3.3.mp4",
        "RZs5Hz1klno.5.7.mp4",
        "RxrFsOEIRCE.1.0.mp4",
        "LtXUoaZcp70.3.0.mp4",
        "K3U7Ybik1wM.0.5.mp4",
        "ZnZqB5Z75zI_0_450.0.0.mp4",
        "4uGfFYzxWEg.4.1.mp4",
        "BV7Q0zYDO9I.3.0.mp4",
        "u5lhJHUwvOs.3.6.mp4",
        "aVA7aXOH1pk.1.1.mp4",
        "T9_ZzFwwWwk.0.3.mp4",
        "1265.1.1.mp4",
        "99f75928006bd7b7d9798512b8d71b53d5d93d04a898612a2208b2177eb4fdaa.0.mp4",
        "CjPSzAtLzO8.0.10.mp4",
        "60.0.40.mp4",
        "xo9p8p6deRI.10.3.mp4",
        "3205787.4.mp4",
        "88vmzn_LufA.3.1.mp4",
        "U8VTyhXnCTA.0.0.mp4",
        "1U2aVQDbJ3o.0.5.mp4",
        "mIiPt1YVkP8.13.3.mp4",
        "0Pzq0URbL2M.0.0.mp4",
        "i82xURPkLWo.2.13.mp4",
        "IWv0EhEGmNI.15.1.mp4"
    ]
}