{
    "label": "cam_setup.focus.is_always.focus_is_background",
    "label_name": "Focus Is Background",
    "definition": "Is the camera consistently focused on the background using a shallow depth of field?",
    "pos": [
        "4uGfFYzxWEg.1.2.mp4",
        "JDaw5I_5hPk.0.24.mp4",
        "441c9a01-afce-427c-beb4-55cda7e5df52.mp4",
        "7f2f883e-2ae8-4179-a5a9-606fc4095ca1.mp4",
        "6rGlyo99G6M_0218_0231.mp4",
        "3G2FHsE299A_80_85.mp4",
        "R9FUEScjB1U_8.mp4",
        "M54fY-155jk_3.mp4",
        "0UthxdAH0ks.0.1.mp4",
        "Cj6ho1-G6tw.0.19.mp4",
        "5933.2.12.mp4",
        "hHG1wva1B0w.11.2.mp4",
        "MPX29k4uwSg.0.2.mp4",
        "fSWFUFdV5TU.0.1.mp4",
        "DEypDAnnJL0.3.1.mp4",
        "DEypDAnnJL0.4.1.mp4",
        "FUQhNGEu2KA.0.3.mp4",
        "5eDQ2SSsmEk.8.1.mp4",
        "y51VUsotZe4.7.3.mp4",
        "Cj6ho1-G6tw.0.16.mp4",
        "upC8hjr2b4g.8.4.mp4",
        "4uGfFYzxWEg.1.5.mp4",
        "y0aS2n1WmMg.1.0.mp4",
        "5eDQ2SSsmEk.6.5.mp4",
        "u5JBlwlnJX0.2.1.mp4",
        "4021535.0.3.mp4",
        "BruiisujNJY.0.7.mp4",
        "5eDQ2SSsmEk.6.3.mp4"
    ],
    "neg": [
        "BNzc6hG3yN4.1.3.mp4",
        "Zp1FGa68mXI.1.0.mp4",
        "1194c98bc5d77ed5763a745d52e227e7bff94fd535e0c0ff9b4472e83e7cb752.1.mp4",
        "0Pzq0URbL2M.3.2.mp4",
        "vEvBpjCOBu0.0.3.mp4",
        "bPZc7avrCT4.0.5.mp4",
        "8LiVGDq01FU.2.14.mp4",
        "5933.2.5.mp4",
        "BNzc6hG3yN4.1.4.mp4",
        "VKre9_wM3Mo.2.2.mp4",
        "Ao4Y7JU30zc.0.1.mp4",
        "K3U7Ybik1wM.4.2.mp4",
        "DEypDAnnJL0.5.1.mp4",
        "1470.0.2.mp4",
        "3877.0.8.mp4",
        "QYAWxJ8a7RA.3.1.mp4",
        "ti231UvSvfQ.2.0.mp4",
        "y51VUsotZe4.16.2.mp4",
        "upC8hjr2b4g.5.1.mp4",
        "0Pzq0URbL2M.9.0.mp4",
        "sKJeTaIEldM.2.2.mp4",
        "1aa6095ed461f823bd3187040dadd0b56d7340389fa26f691bc611f2da6e7cb8.0.mp4",
        "A_StkRKB1jU.0.1.mp4",
        "ScH9bCyqJ6s.6.0.mp4",
        "YakCuBMlQXQ.3.0.mp4",
        "QYAWxJ8a7RA.7.1.mp4",
        "upC8hjr2b4g.8.2.mp4",
        "gooWdc6kb80.0.7.mp4",
        "1934.1.17.mp4",
        "5653.2.1.mp4",
        "5eDQ2SSsmEk.15.2.mp4",
        "60.0.1.mp4",
        "_6DLjNKtENQ.0.9.mp4",
        "7jUW96CiEKA.8.1.mp4",
        "GVr8pZmSa-c.3.2.mp4",
        "GVr8pZmSa-c.7.6.mp4",
        "i82xURPkLWo.2.3.mp4",
        "l5RWa1D00ck.0.10.mp4",
        "LZkl0_9xFOU.10.0.mp4",
        "VaSlqE0Nx2Q.9.0.mp4",
        "VS66VOUmoKQ.0.1.mp4",
        "YakCuBMlQXQ.0.4.mp4",
        "yQLgp8trSDc.0.1.mp4",
        "Zv11L-ZfrSg.5.2.mp4",
        "TktL3QR8Yg8.0.4.mp4",
        "DEypDAnnJL0.5.0.mp4",
        "ti231UvSvfQ.1.2.mp4",
        "vEvBpjCOBu0.3.3.mp4",
        "qYztDs8vPBg.0.3.mp4",
        "6303.0.5.mp4",
        "ce57ba060207b64ae10505cd4971ec07ee29212ef49f242872278ec3f8e3435c.1.mp4",
        "H4AZhS5WqKk.2.8.mp4",
        "RYzkI_5ub58.8.8.mp4",
        "3005.1.4.mp4",
        "4uGfFYzxWEg.3.5.mp4",
        "5eDQ2SSsmEk.5.4.mp4",
        "DEypDAnnJL0.2.1.mp4",
        "upC8hjr2b4g.12.2.mp4",
        "0UthxdAH0ks.7.2.mp4",
        "DEypDAnnJL0.1.3.mp4",
        "kxcw0iSn0xw.4.5.mp4",
        "TktL3QR8Yg8.0.3.mp4",
        "27c62076f8bb58d5afbe04144dc3e34742a5e4c5e0d72a385937056320b3bc9e.0.mp4",
        "3005.1.8.mp4",
        "6303.0.27.mp4",
        "5933.2.1.mp4",
        "upC8hjr2b4g.10.5.mp4",
        "4080.2.17.mp4",
        "1497.1.10.mp4",
        "190.2.6.mp4",
        "338.2.25.mp4",
        "_6DLjNKtENQ.0.6.mp4",
        "7jUW96CiEKA.8.8.mp4",
        "as8lT-q2_E8.2.1.mp4",
        "LNHBMFCzznE.5.13.mp4",
        "RolttrarOOA.0.5.mp4",
        "TktL3QR8Yg8.0.2.mp4",
        "pVbxm3ZJ5yk.0.2.mp4",
        "opXBWdk-mbQ.0.4.mp4",
        "338.2.30.mp4",
        "IWv0EhEGmNI.0.8.mp4",
        "i82xURPkLWo.3.4.mp4",
        "KF5p8VIbt0Y.4.1.mp4",
        "uWCGK4nneeU.3.1.mp4",
        "4uGfFYzxWEg.1.6.mp4",
        "RZs5Hz1klno.3.2.mp4",
        "ti231UvSvfQ.7.2.mp4",
        "vEvBpjCOBu0.3.2.mp4",
        "187.6.14.mp4",
        "5eDQ2SSsmEk.3.2.mp4",
        "bPZc7avrCT4.2.2.mp4",
        "bX8GaZ3O4-Q.0.3.mp4",
        "ti231UvSvfQ.13.0.mp4",
        "1497.1.2.mp4",
        "ScH9bCyqJ6s.5.2.mp4",
        "5eDQ2SSsmEk.3.0.mp4",
        "bPZc7avrCT4.2.1.mp4",
        "VaSlqE0Nx2Q.2.1.mp4",
        "0UthxdAH0ks.7.1.mp4",
        "027bd84e297a500c52d35ab4a67f37e62007e76483baad5687496911e441d65d.4.mp4",
        "0OFBj7EjZ-g.6.0.mp4",
        "2519.5.12.mp4",
        "3877.0.1.mp4",
        "4080.2.19.mp4",
        "4080.2.6.mp4",
        "4PcpGxihPac.2.4.mp4",
        "8LiVGDq01FU.0.0.mp4",
        "h1PjJ9_Yd2c.2.17.mp4",
        "hHG1wva1B0w.0.6.mp4",
        "lTxn2BuqyzU.0.0.mp4",
        "OrOYvVf6tIM.2.5.mp4",
        "pVbxm3ZJ5yk.0.3.mp4",
        "RZs5Hz1klno.6.8.mp4",
        "zk-eY5S1Nck.0.0.mp4",
        "vEvBpjCOBu0.7.3.mp4",
        "7jUW96CiEKA.0.1.mp4",
        "8ouj_JN2ytI.0.20.mp4",
        "bX8GaZ3O4-Q.3.14.mp4",
        "d_T0KPYgqMA.0.2.mp4",
        "2530.0.1.mp4",
        "0Um7WnY72Us.2.0.mp4",
        "3HYfPz8lvDI.3.6.mp4",
        "BKX6EhDrgqQ.0.4.mp4",
        "ZpJpZGktliQ.0.0.mp4",
        "Zv11L-ZfrSg.5.0.mp4",
        "7pqGzmdE5zE.0.1.mp4",
        "4f3hG-5grlw.2.2.mp4",
        "5e5ef4541835cc6ffc817c5dd4eb7f240d200553b3eed64782d61ccde60d4ade.1.mp4",
        "A_StkRKB1jU.0.2.mp4",
        "pfGEdmZyVyY.1.2.mp4",
        "0108be45cf622d43906bcbf54ac07de8a9db39ec6a00fadb2e396e9df3c4f344.0.mp4",
        "2796078.0.mp4",
        "bazSwSbo9rU.5.1.mp4",
        "i82xURPkLWo.3.7.mp4",
        "LtXUoaZcp70.0.3.mp4",
        "u5lhJHUwvOs.0.1.mp4",
        "xo9p8p6deRI.1.3.mp4",
        "upC8hjr2b4g.12.7.mp4",
        "LZkl0_9xFOU.3.4.mp4",
        "2616637.1.mp4",
        "5qKYrajRNwo.3.3.mp4",
        "hHG1wva1B0w.12.3.mp4",
        "ZBsv_5fHtIg.0.3.mp4",
        "h1PjJ9_Yd2c.2.23.mp4",
        "i82xURPkLWo.3.6.mp4",
        "ttZAdY3n4nc.3.1.mp4",
        "WHgh2ajazTw.8.2.mp4",
        "qMeHR2Dc4mQ.0.1.mp4",
        "9a8a4d0688ffc6b5cb61bc3323634f3dbfbb310ad20130cf56762bfc113e44ed.0.mp4",
        "i82xURPkLWo.3.11.mp4",
        "u5lhJHUwvOs.4.6.mp4",
        "05814ccff31cbb051d787af6ae9375a563994d5cad18355c4d0f154f25f5d9cc.0.mp4",
        "Gel59Iy3YhQ.4.1.mp4",
        "H4AZhS5WqKk.2.11.mp4",
        "BKX6EhDrgqQ.4.1.mp4",
        "0Um7WnY72Us.2.1.mp4",
        "1470.0.6.mp4",
        "IWv0EhEGmNI.16.7.mp4",
        "0Pzq0URbL2M.11.1.mp4",
        "1497.1.3.mp4",
        "guZ5AxQ6xb0.1.1.mp4",
        "lY_rQalOC6E.0.0.mp4",
        "mixkit-woman-removes-wrap-on-the-beach-1108.0.mp4",
        "u-dEnJpCGAQ.3.5.mp4",
        "yQLgp8trSDc.0.5.mp4",
        "67bfa4eec893c10cba8c4fb180735bf8adc0c7de5a0cfe1ee9d1c1b44c2e56c8.0.mp4",
        "7O1eibuPn84.3.1.mp4",
        "LI7i6DQfh0o.0.1.mp4",
        "3923c396290520b6dcedf49397a06682322bd225007879cdd4fa2b144116c293.0.mp4",
        "61.1.3.mp4",
        "LI7i6DQfh0o.0.5.mp4",
        "3209176.0.mp4",
        "4022679.0.1.mp4",
        "4881.0.4.mp4",
        "OrOYvVf6tIM.2.1.mp4",
        "TvRhfaouBHs.0.0.mp4",
        "lJXaNYTVjrQ.0.5.mp4",
        "5qKYrajRNwo.2.8.mp4",
        "005a89388809aac833a0dc2389ac39f396cc64e4d03a30ec3dab8944db09183e.1.mp4",
        "1470.0.30.mp4",
        "3005.1.14.mp4",
        "4PcpGxihPac.2.2.mp4",
        "5qKYrajRNwo.2.1.mp4",
        "8LiVGDq01FU.2.7.mp4",
        "guZ5AxQ6xb0.0.3.mp4",
        "LZkl0_9xFOU.11.1.mp4",
        "r-BCbF55fxo.0.2.mp4",
        "upC8hjr2b4g.9.4.mp4",
        "VaSlqE0Nx2Q.9.4.mp4",
        "X-keHLL75tg.3.7.mp4",
        "5eDQ2SSsmEk.6.6.mp4",
        "63eca29c-6a40-4dad-b89b-5abfcf2880c3.mp4",
        "b3052b1e-a8db-4f32-bf9c-019246d2dc61.mp4",
        "NiXjr-wQCy0_0023_0043.mp4",
        "NiXjr-wQCy0_0045_0054.mp4",
        "NiXjr-wQCy0_0130_0142.mp4",
        "NiXjr-wQCy0_0226_0240.mp4",
        "13990441-46b1-4867-980f-5b6be4fbf429.mp4",
        "3575949f-313a-47c2-8260-652e64e93189.mp4",
        "42d1f779-8083-4692-b87b-839cb572d85e.mp4",
        "49d335fc-8e90-49b2-a39a-a52234d77e14.mp4",
        "4b3f79da-1789-4c50-b111-2df3d1fb7475.mp4",
        "53204cdc-13c6-42e3-b7a9-0a09dfc5cccc.mp4",
        "9fd0a627-dd30-46db-b99e-c4a792020f5f.mp4",
        "aa935da4-8a41-4f6a-9519-46e6cd9ce16c.mp4",
        "bab66844-8d95-4389-bf6a-d655af3962fc.mp4",
        "d23e87a5-b371-4931-8c7c-2f94d3c014a0.mp4",
        "f50069c1-253f-4a82-895d-2476cd0c6271.mp4",
        "NiXjr-wQCy0_0201_0211.mp4",
        "NiXjr-wQCy0_0214_0224.mp4",
        "80fe0010-d27a-40d0-aaf0-c980109577f3.mp4",
        "d3ce3300-b4c1-4d54-b7ea-1f010fe27a3d.mp4",
        "f94b93b0-872c-4cc7-ae68-88a6d3dd213a.mp4",
        "NiXjr-wQCy0_0010_0020.mp4",
        "NiXjr-wQCy0_0112_0127.mp4",
        "0214a364-96b0-4bec-aaf7-8589c6562ff1.mp4",
        "58b05213-05fc-4019-9e66-e50d56bfea32.mp4",
        "878dc481-fa89-4923-b52e-c479737ccd6d.mp4",
        "8b62d173-0c14-4c52-88e6-d96068c69374.mp4",
        "e7492e49-803b-4259-8ddb-944195a9e4f7.mp4",
        "49e146fc-6e42-4983-a41d-898213cd3675.mp4",
        "4c03c608-9129-4ee6-9063-808c7f31e906.mp4",
        "5fe377ef-0968-436f-9e74-3e4e8f42ac59.mp4",
        "b59579c4-b3d3-4de9-bc8f-492053321925.mp4",
        "eec65d53-9685-44ac-ac8f-82c307590c72.mp4",
        "Jack-Harlow_First-Class.mp4",
        "radiohead_daydreaming_1173.mp4",
        "0cbc3e64-f186-49f7-8a86-d18d2f180bee.mp4",
        "5dabdfd9-81dc-49d3-8de2-e6de9f495d0c.mp4",
        "697f584e-f375-4a1b-a056-d9d5a73df3b5.mp4",
        "69ba57eb-dea0-4e28-889d-ec12965eb259.mp4",
        "80fe6f2c-7a8f-469b-aa58-9b02b29c7feb.mp4",
        "9d8ecb72-9fa9-4cd5-81bd-85abd524b0eb.mp4",
        "f21f0a69-8fe9-4fdb-b27b-9648247f2a8d.mp4",
        "fcbbbbae-d428-434f-ab3f-abad87598586.mp4",
        "iAZvLA_K94w_0009_0011.mp4",
        "lyN4jj3Vd1A_0110_0113.mp4",
        "0a865584-1dd5-4800-b777-f8a51e5fa86f.mp4",
        "0c108846-de17-449a-ba11-c7c0c0e7cc5c.mp4",
        "18674676-4f2b-4363-9652-38d6c9ce42d6.mp4",
        "1875e6d0-fe0c-45ba-adcc-50175c6def95.mp4",
        "1b8f06ed-9832-47dc-90ee-de612ba13ebf.mp4",
        "1ec985b9-3d04-4585-a881-3ba2b267ab4d.mp4",
        "34545bf9-922f-4a9f-91b1-cd9ecfe4b592.mp4",
        "34a23b0a-103f-41f9-9bf6-4e73892b5535.mp4",
        "3c5a805d-a14a-47d8-b4cb-74123a13eb95.mp4",
        "43bd9dd2-a860-47b6-8ea2-be7e86bed6a5.mp4",
        "4bb6c0aa-d5f1-49e4-b435-abe7be8cd5fb.mp4",
        "6400861b-eca2-4e05-b634-46a3c72989f4.mp4",
        "6465d702-d4cf-45f6-a88f-1af585ca3ddf.mp4",
        "69d97e1a-dfa7-4da2-a873-5c4398317f08.mp4",
        "-rrP868InHo_0002_0008.mp4",
        "5eDQ2SSsmEk.8.8.mp4",
        "QYAWxJ8a7RA.1.3.mp4",
        "_6DLjNKtENQ.0.18.mp4",
        "fSWFUFdV5TU.3.2.mp4",
        "QYAWxJ8a7RA.5.5.mp4",
        "L0zS8z8YqJ8.0.2.mp4",
        "piQsdrDKzzM.1.0.mp4",
        "RYzkI_5ub58.3.15.mp4",
        "8ouj_JN2ytI.0.6.mp4",
        "fSWFUFdV5TU.2.1.mp4",
        "IWv0EhEGmNI.16.5.mp4",
        "ct7R8nnI-s0.1.5.mp4",
        "sKJeTaIEldM.1.5.mp4",
        "0Pzq0URbL2M.11.0.mp4",
        "338.2.29.mp4",
        "4021226.0.1.mp4",
        "bPZc7avrCT4.5.5.mp4",
        "IWv0EhEGmNI.0.7.mp4",
        "l5RWa1D00ck.0.7.mp4",
        "P9Z0XP6mkCg.2.0.mp4",
        "RZs5Hz1klno.5.3.mp4",
        "u5JBlwlnJX0.1.0.mp4",
        "vQwotuKuUzE.0.1.mp4",
        "wm7U8nEH59o.0.0.mp4",
        "ZXloF-qGW4U.2.5.mp4",
        "ZXloF-qGW4U.3.0.mp4",
        "0UthxdAH0ks.0.7.mp4",
        "1560.0.12.mp4",
        "2519.5.16.mp4",
        "TktL3QR8Yg8.5.11.mp4",
        "7dbb35be-3827-45da-bb2c-4f9a45b72ad8.mp4",
        "8c013c9a-ef81-44f0-bfb6-ea006dc97de1.mp4",
        "95c6d9f2-c516-4d72-b0c1-3b6168dd4c50.mp4",
        "9874ec18-9f95-40e6-8d00-4653b4e13b58.mp4",
        "a00627a3-e271-4e43-bb07-fc91332d737f.mp4",
        "a0f627c0-22b8-4669-b4ed-841a3b4f82f4.mp4",
        "a2d59b45-e48d-4ac9-9e0f-7acf5460622f.mp4",
        "a38495f2-452e-436e-a3da-c328f0e1b58a.mp4",
        "af459d78-3254-4b1b-8c6f-eb986e1bda3b.mp4",
        "b63059b0-d1d5-4863-ace7-eeb221908473.mp4",
        "c1a9702c-e10e-42a4-9bc2-23453f610eaa.mp4",
        "d42f009f-606e-4789-9480-86b8a2656848.mp4",
        "e41eaff7-70f3-4e74-9e07-b1108b3eca4c.mp4",
        "e4dbddb0-f9ea-44ee-8fd5-3f4d5fd813b6.mp4",
        "e9134043-18d5-4f48-9155-128aea4a3cdb.mp4",
        "f766087c-9ae8-4ca1-a26a-b87bd98f51a9.mp4",
        "fabb5208-a075-4b06-a195-8740af065734.mp4",
        "GUGvG89LH94_0004_0012.mp4",
        "pY50Mu04Fjs_0000_0005.mp4",
        "1IJFnOlcCfs_0012_0016.mp4",
        "2ZweKRW6yE0_0004_0007.mp4",
        "F96K3x6YlvU_0136_0141.mp4",
        "gGBkg04Ct7Y_0035_0037.mp4",
        "gGBkg04Ct7Y_0421_0424.mp4",
        "iK3bsMSTNLg_0002_0009.mp4",
        "I-N_7QXA6xE_0206_0213.mp4",
        "LTW3xXrYkIY_0015_0018.mp4",
        "LxRQM1kgv8M_0552_0555.mp4",
        "LxRQM1kgv8M_0556_0559.mp4",
        "QDEFkpAHUcs_0042_0048.mp4",
        "sMs1Eald9o8_0013_0016.mp4",
        "sMs1Eald9o8_0046_0050.mp4",
        "tT_qv9ptauU_0113_0115.mp4",
        "tT_qv9ptauU_0138_0142.mp4",
        "tT_qv9ptauU_0141_0143.mp4",
        "_uXwIYrw9wc_0102_0106.mp4",
        "W4GrVa9YNNs_0001_0008.mp4",
        "ZGNUqNFfD8M_0823_0826.mp4",
        "ZGNUqNFfD8M_0848_0850.mp4",
        "3b0ac364-0c9d-4577-894f-04556b578bb3.mp4",
        "b3bd2ae6-2885-4405-8a3d-21e5b6bc00a2.mp4",
        "EXfrdC9ggY8_0022_0038.mp4",
        "EXfrdC9ggY8_0145_0156.mp4",
        "EXfrdC9ggY8_0552_0602.mp4",
        "ff10706a-998d-4dcd-987f-e36bdbb849d2.mp4",
        "_OO3pqJVLAc_0017_0020_reversed.mp4",
        "t80R7-wJEyY_0131_0136.mp4",
        "t80R7-wJEyY_0323_0328.mp4",
        "t80R7-wJEyY_0323_0328_reversed.mp4",
        "242cb551-5ef6-402d-8828-9ee810110b42.mp4",
        "6rGlyo99G6M_0018_0026.mp4",
        "6rGlyo99G6M_0041_0052.mp4",
        "6rGlyo99G6M_0124_0142.mp4",
        "8d2474f0-85c6-4534-9ea4-16f2b6d30af7.mp4",
        "e6f7f26f-9d08-42e1-984b-cda10a700175.mp4",
        "EXfrdC9ggY8_0040_0050.mp4",
        "EXfrdC9ggY8_0315_0328.mp4",
        "EXfrdC9ggY8_0331_0340.mp4",
        "EXfrdC9ggY8_0348_0358.mp4",
        "_OO3pqJVLAc_0017_0020.mp4",
        "_OO3pqJVLAc_0039_0041.mp4",
        "t80R7-wJEyY_0131_0136_reversed.mp4",
        "t80R7-wJEyY_0548_0552.mp4",
        "t80R7-wJEyY_0548_0552_reversed.mp4",
        "3ff730c5-72bf-4bad-a00d-cf0ffe7c3689.mp4",
        "6rGlyo99G6M_0054_0101.mp4",
        "6rGlyo99G6M_0158_0208.mp4",
        "6rGlyo99G6M_0208_0217.mp4",
        "9d560f0a-b87d-45f9-924e-0dbb33ac2acd.mp4",
        "EXfrdC9ggY8_0010_0019.mp4",
        "EXfrdC9ggY8_0401_0409.mp4",
        "EXfrdC9ggY8_0438_0446.mp4",
        "EXfrdC9ggY8_0519_0525.mp4",
        "EXfrdC9ggY8_0603_0613.mp4",
        "_OO3pqJVLAc_0039_0041_reversed.mp4",
        "t80R7-wJEyY_0411_0416.mp4",
        "t80R7-wJEyY_0411_0416_reversed.mp4",
        "3zU-4Ft0MKQ.1.1.mp4",
        "5eDQ2SSsmEk.8.11.mp4",
        "hHG1wva1B0w.10.1.mp4",
        "izTDbJ23_ws.2.2.mp4",
        "Kui5PpD9ITE.1.0.mp4",
        "op57QLUgoOg.0.1.mp4",
        "P9Z0XP6mkCg.2.3.mp4",
        "tSWQjrHHS1o.2.0.mp4",
        "Vkg0fwtabS4.0.2.mp4",
        "ZADlkbr7Avg.8.0.mp4",
        "Zv11L-ZfrSg.2.0.mp4",
        "_ZYHlc2Niaw.5.0.mp4",
        "EmfnOt6464Q.0.2.mp4",
        "hoBuA560KpY.3.2.mp4",
        "KB3KMUw54Hc.2.2.mp4",
        "Ml-9GyPK_hw.7.1.mp4",
        "_pGFvD2L-kY.1.0.mp4",
        "RZs5Hz1klno.2.5.mp4",
        "sdidb7Z8IUc.4.0.mp4",
        "5eDQ2SSsmEk.3.8.mp4",
        "hCr1JvdvBqs.1.12.mp4",
        "ipSgkKT1nXs.1.0.mp4",
        "KB3KMUw54Hc.2.0.mp4",
        "LtXUoaZcp70.2.0.mp4",
        "mIiPt1YVkP8.8.1.mp4",
        "MLMq3E5guxc.0.0.mp4",
        "Q9-tFeHiTG4.0.5.mp4",
        "u35WIs62R2M.5.0.mp4",
        "ZADlkbr7Avg.8.4.mp4",
        "_ZYHlc2Niaw.2.1.mp4",
        "r3q2XXeasAA_6_8.mp4",
        "KoJ0Pih0Ssc.4.2.mp4",
        "8iZ8RtiJq14.7.4.mp4",
        "IWv0EhEGmNI.0.3.mp4",
        "lTxn2BuqyzU.0.1.mp4",
        "zk-eY5S1Nck.0.3.mp4",
        "5454.1.4.mp4",
        "VaSlqE0Nx2Q.11.1.mp4",
        "8iZ8RtiJq14.1.3.mp4",
        "8iZ8RtiJq14.7.0.mp4",
        "BKX6EhDrgqQ.1.0.mp4",
        "kxcw0iSn0xw.2.4.mp4",
        "mIiPt1YVkP8.9.3.mp4",
        "338.2.19.mp4",
        "RYzkI_5ub58.3.0.mp4",
        "5eDQ2SSsmEk.9.4.mp4",
        "LtXUoaZcp70.2.4.mp4",
        "TktL3QR8Yg8.5.3.mp4",
        "u-dEnJpCGAQ.2.13.mp4",
        "xo9p8p6deRI.0.0.mp4",
        "piQsdrDKzzM.1.2.mp4",
        "YakCuBMlQXQ.1.1.mp4",
        "BV7Q0zYDO9I.2.0.mp4",
        "kxcw0iSn0xw.1.4.mp4",
        "LZkl0_9xFOU.12.1.mp4",
        "TktL3QR8Yg8.5.18.mp4",
        "YBC2JaevzOI.3.0.mp4",
        "8iZ8RtiJq14.7.2.mp4",
        "3125982.0.mp4",
        "lTxn2BuqyzU.0.11.mp4",
        "98LLOYn_EXA_151_154.mp4",
        "DdDEU8AOQo0_127_129.mp4",
        "fXCfGwUY52g_42_47.mp4",
        "-u5CTkgJVgA_177_179.mp4",
        "80Y6R04eZRw_286_290.mp4",
        "98LLOYn_EXA_161_164.mp4",
        "BDZguJn-2u4_281_283.mp4",
        "h9yDvzBrSC4_302_304.mp4",
        "u35WIs62R2M_556_558.mp4",
        "Yp5eTT6kZIo_224_226.mp4",
        "453446312_121_123.mp4",
        "453446312_131_133.mp4",
        "453446312_28_29.mp4",
        "453446312_31_33.mp4",
        "hpc2QbdIgu8_0055_0059.mp4",
        "hpc2QbdIgu8_0059_0063.mp4",
        "1gWMmmvr8Gc.mp4",
        "6Kpr2MuKW0A_3.mp4",
        "9F6zJxRm494_0.mp4",
        "ddkbVYutRXA.mp4",
        "EF8C4v7JIbA_0.mp4",
        "HvhUGdmc5K0.mp4",
        "K3RC3BIsNjw_0.mp4",
        "K3RC3BIsNjw_4.mp4",
        "R9FUEScjB1U_1.mp4",
        "R9FUEScjB1U_6.mp4",
        "W_-D-yzzbxE.mp4",
        "x0y3OBD9RHI_4.mp4",
        "Zi1eEJdemSQ_1.mp4",
        "6Kpr2MuKW0A_11.mp4",
        "6Kpr2MuKW0A_12.mp4",
        "6Kpr2MuKW0A_6.mp4",
        "bePMvXuyYZ8_1.mp4",
        "J61SqWn_dD8.mp4",
        "Jx9h3iWudTU_0.mp4",
        "R9FUEScjB1U_10.mp4",
        "TI3RVi7DHLo.mp4",
        "x0y3OBD9RHI_1.mp4",
        "6Kpr2MuKW0A_2.mp4",
        "6Kpr2MuKW0A_4.mp4",
        "bePMvXuyYZ8_2.mp4",
        "iiqmba9kYhE.mp4",
        "K3RC3BIsNjw_1.mp4",
        "K3RC3BIsNjw_3.mp4",
        "K8rpo9e7tvg_0.mp4",
        "K8rpo9e7tvg_2.mp4",
        "l6np0fgTymY_1.mp4",
        "l6np0fgTymY_3.mp4",
        "Nm38b14akRA_0.mp4",
        "R9FUEScjB1U_9.mp4",
        "RxcQ1rzaeRA.mp4",
        "30nMHUr8hTA_0.mp4",
        "30nMHUr8hTA_2.mp4",
        "6Kpr2MuKW0A_10.mp4",
        "6Kpr2MuKW0A_7.mp4",
        "bePMvXuyYZ8_0.mp4",
        "K3RC3BIsNjw_2.mp4",
        "K8rpo9e7tvg_1.mp4",
        "l6np0fgTymY_2.mp4",
        "Nm38b14akRA_1.mp4",
        "PSpUM9_l2HI.mp4",
        "qjTjU8PEfEA.mp4",
        "R9FUEScjB1U_11.mp4",
        "Zi1eEJdemSQ_0.mp4",
        "7O1eibuPn84.3.0.mp4",
        "CbIWq4PGFCo.0.1.mp4",
        "LZkl0_9xFOU.4.0.mp4",
        "7jUW96CiEKA.0.12.mp4",
        "8ouj_JN2ytI.0.7.mp4",
        "h1PjJ9_Yd2c.2.19.mp4",
        "RYzkI_5ub58.3.6.mp4",
        "3HYfPz8lvDI.3.1.mp4",
        "GVr8pZmSa-c.4.2.mp4",
        "9bba5b8dcb3b31abb2f42ace9814be5bf60ec9ad38f6e89a318608601897ac0b.0.mp4",
        "u-dEnJpCGAQ.2.9.mp4",
        "0OFBj7EjZ-g.6.10.mp4",
        "3HYfPz8lvDI.3.2.mp4",
        "GVr8pZmSa-c.5.4.mp4",
        "ct7R8nnI-s0.7.4.mp4",
        "05189ba8bdb22fbb387f86bf025bc9f36a20416a495efd3980d63278abc28bf8.1.mp4",
        "2519.5.3.mp4",
        "5eDQ2SSsmEk.4.7.mp4",
        "852363.2.mp4",
        "augBci6Gic4.3.0.mp4",
        "j7WbkzvTuU8.5.0.mp4",
        "lJXaNYTVjrQ.1.0.mp4",
        "QDEFkpAHUcs.0.7.mp4",
        "YakCuBMlQXQ.4.1.mp4",
        "190.2.2.mp4",
        "8LiVGDq01FU.2.12.mp4",
        "u-dEnJpCGAQ.165.11.mp4",
        "0UthxdAH0ks.2.3.mp4",
        "0UthxdAH0ks.6.4.mp4",
        "5eDQ2SSsmEk.5.3.mp4",
        "2519.5.13.mp4",
        "i82xURPkLWo.2.1.mp4",
        "338.2.11.mp4",
        "BV7Q0zYDO9I.0.2.mp4",
        "qMeHR2Dc4mQ.3.2.mp4",
        "u-dEnJpCGAQ.15.5.mp4",
        "H4AZhS5WqKk.2.0.mp4",
        "Hv_DRJZZ2qI.2.13.mp4",
        "MuNyfqxAO6Y.8.9.mp4",
        "upC8hjr2b4g.11.3.mp4",
        "4e95dbc3dd1d19b5bf3026fa3ac72d2d6aba978280cfd151fb74dd2661ac2ac8.0.mp4",
        "h1PjJ9_Yd2c.0.4.mp4",
        "HYl9QIJJvdA.1.0.mp4",
        "kxcw0iSn0xw.0.1.mp4",
        "RZs5Hz1klno.5.5.mp4",
        "u-dEnJpCGAQ.3.9.mp4",
        "GVr8pZmSa-c.7.0.mp4",
        "3877.0.6.mp4",
        "r5jbhW9uauc.2.1.mp4",
        "4021535.0.5.mp4",
        "nPFRO_2vSbM.1.mp4",
        "u5lhJHUwvOs.3.3.mp4",
        "RYzkI_5ub58.3.3.mp4",
        "VaSlqE0Nx2Q.11.2.mp4",
        "3652.0.0.mp4",
        "gooWdc6kb80.0.1.mp4",
        "ScH9bCyqJ6s.5.1.mp4",
        "u5lhJHUwvOs.4.5.mp4",
        "VaSlqE0Nx2Q.12.4.mp4",
        "0058d7c1829dfe2fcdab924eb527dae182de7b5e5507143313b1cfd51d30c255.0.mp4",
        "4022679.0.0.mp4",
        "6303.0.4.mp4",
        "JDaw5I_5hPk.0.21.mp4",
        "L3374C3OyrY.0.1.mp4",
        "mIiPt1YVkP8.1.6.mp4",
        "2519.5.0.mp4",
        "2530.0.2.mp4",
        "61.1.19.mp4",
        "6zblV1RyJWM.2.6.mp4",
        "CbIWq4PGFCo.1.3.mp4",
        "GdRJCTR1KDQ.1.3.mp4",
        "hHG1wva1B0w.6.2.mp4",
        "l5RWa1D00ck.0.5.mp4",
        "lTxn2BuqyzU.0.7.mp4",
        "RYzkI_5ub58.3.7.mp4",
        "ti231UvSvfQ.12.2.mp4",
        "TktL3QR8Yg8.0.1.mp4",
        "u5lhJHUwvOs.2.4.mp4",
        "u-dEnJpCGAQ.15.9.mp4",
        "upC8hjr2b4g.14.1.mp4",
        "9ddb5f18be693e72c2dc446d3909d2d59d7036be4466643a956c9fae5e03f977.0.mp4",
        "1156f206bf6ef72ed3ac9d51d28c81f40031612ca1e79e9d4fc076759bc06c23.0.mp4",
        "0OFBj7EjZ-g.4.4.mp4",
        "0ZH_3bcVRe4.0.6.mp4",
        "J5Pnh0UcNxg.2.0.mp4",
        "ti231UvSvfQ.14.0.mp4",
        "8LiVGDq01FU.2.8.mp4",
        "h1PjJ9_Yd2c.0.0.mp4",
        "BV7Q0zYDO9I.0.5.mp4",
        "5eDQ2SSsmEk.5.8.mp4",
        "_6DLjNKtENQ.0.0.mp4",
        "FbQYMRZ1CWo.0.0.mp4",
        "LZkl0_9xFOU.11.4.mp4",
        "QYAWxJ8a7RA.0.0.mp4",
        "yQLgp8trSDc.1.0.mp4",
        "015a7fcc3128870f8d97927992cfb295f05ea5e94a753ec53e6ce1cf033242f1.2.mp4",
        "0UthxdAH0ks.1.4.mp4",
        "upC8hjr2b4g.9.0.mp4",
        "cd248d6e8326130876d9f820943ac094463a938ba557ccff8171d483dbe01d14.0.mp4",
        "KI2lsdXJQ40.0.1.mp4",
        "QYAWxJ8a7RA.8.0.mp4",
        "02ea06f94c915dc668b02d893a60606cd074d74ff5cc6521f48f85fd1ebf8da3.0.mp4",
        "0Pzq0URbL2M.9.1.mp4",
        "1470.0.32.mp4",
        "3HYfPz8lvDI.4.3.mp4",
        "5eDQ2SSsmEk.6.1.mp4",
        "60.0.20.mp4",
        "_6DLjNKtENQ.0.8.mp4",
        "8LiVGDq01FU.2.3.mp4",
        "A_StkRKB1jU.0.7.mp4",
        "d39558c5e242ded2702165064e136c521caa835af83135257d6e538e703c5526.1.mp4",
        "i82xURPkLWo.2.17.mp4",
        "IWv0EhEGmNI.17.6.mp4",
        "s7I9Ab9rXkU.0.2.mp4",
        "u-dEnJpCGAQ.3.7.mp4",
        "YakCuBMlQXQ.6.0.mp4",
        "YakCuBMlQXQ.7.2.mp4",
        "Gel59Iy3YhQ.35.0.mp4",
        "qMeHR2Dc4mQ.3.4.mp4",
        "u-dEnJpCGAQ.2.5.mp4",
        "61.1.12.mp4",
        "8LiVGDq01FU.0.11.mp4",
        "qMeHR2Dc4mQ.0.4.mp4",
        "y51VUsotZe4.4.0.mp4",
        "5eDQ2SSsmEk.2.2.mp4",
        "bazSwSbo9rU.3.5.mp4",
        "qYztDs8vPBg.3.1.mp4",
        "vEvBpjCOBu0.6.3.mp4",
        "YakCuBMlQXQ.1.0.mp4",
        "5e5ef4541835cc6ffc817c5dd4eb7f240d200553b3eed64782d61ccde60d4ade.2.mp4",
        "0Pzq0URbL2M.8.7.mp4",
        "YakCuBMlQXQ.0.2.mp4",
        "u5lhJHUwvOs.8.5.mp4",
        "3m-ME9AXCTo.1.1.mp4",
        "4422.0.16.mp4",
        "4uGfFYzxWEg.3.4.mp4",
        "_6DLjNKtENQ.0.15.mp4",
        "bPZc7avrCT4.5.3.mp4",
        "e_ofen9SDeM.1.3.mp4",
        "e_ofen9SDeM.4.3.mp4",
        "i82xURPkLWo.3.5.mp4",
        "j7WbkzvTuU8.5.1.mp4",
        "KdfhMulBsyk.3.4.mp4",
        "OrOYvVf6tIM.2.4.mp4",
        "RolttrarOOA.0.1.mp4",
        "TktL3QR8Yg8.5.5.mp4",
        "5qKYrajRNwo.2.11.mp4",
        "61.1.2.mp4",
        "kuGIn3zAoBA.0.1.mp4",
        "0UthxdAH0ks.5.1.mp4",
        "BKX6EhDrgqQ.0.0.mp4",
        "xo9p8p6deRI.10.4.mp4",
        "9cf72aeafdabae7ed510a61012c08e0f9e008056b5b579288dd57fcd38f9c505.1.mp4",
        "efb550800d3831546c222d454a74904f24fa3d300189d2b35b03566454569fba.0.mp4",
        "YakCuBMlQXQ.3.3.mp4",
        "60.0.31.mp4",
        "1497.1.1.mp4",
        "6bcc1d04931deb5549253523998da524d73587e19f99d9bb517ce879d84bb938.0.mp4",
        "2519.5.17.mp4",
        "3m-ME9AXCTo.1.0.mp4",
        "5qKYrajRNwo.2.10.mp4",
        "bX8GaZ3O4-Q.0.2.mp4",
        "F7iLfuci75Y.6.1.mp4",
        "i82xURPkLWo.0.8.mp4",
        "LZkl0_9xFOU.11.5.mp4",
        "mIiPt1YVkP8.0.8.mp4",
        "RYzkI_5ub58.8.13.mp4",
        "TktL3QR8Yg8.0.5.mp4",
        "u5lhJHUwvOs.3.0.mp4",
        "wm7U8nEH59o.0.1.mp4",
        "wrW0enIo2u8.0.7.mp4",
        "h1PjJ9_Yd2c.2.26.mp4",
        "38855d1bdc38ecd9b0f44c18c7f0007f24fc1071aa86ef3b2a7b21457f3a39fe.0.mp4",
        "4PcpGxihPac.3.3.mp4",
        "027bd84e297a500c52d35ab4a67f37e62007e76483baad5687496911e441d65d.5.mp4",
        "BV7Q0zYDO9I.2.3.mp4",
        "2796078.1.mp4",
        "0UthxdAH0ks.5.4.mp4",
        "1497.1.17.mp4",
        "338.2.33.mp4",
        "61.1.4.mp4",
        "0Pzq0URbL2M.3.5.mp4",
        "hHG1wva1B0w.9.3.mp4",
        "VaSlqE0Nx2Q.9.3.mp4",
        "ash8vDNcJBs.2.0.mp4",
        "IKzbsDG58pc.0.5.mp4",
        "0Pzq0URbL2M.4.1.mp4",
        "DEypDAnnJL0.0.0.mp4",
        "mIiPt1YVkP8.2.6.mp4",
        "3005.1.15.mp4",
        "4uGfFYzxWEg.6.2.mp4",
        "60.0.0.mp4",
        "bX8GaZ3O4-Q.3.5.mp4",
        "CBRwF0LU3Ys.0.1.mp4",
        "cff54db6382ec81eaef2351f5319978651cec439bf358c937295d87986ab89b6.0.mp4",
        "fSWFUFdV5TU.0.4.mp4",
        "h1PjJ9_Yd2c.2.15.mp4",
        "j7WbkzvTuU8.5.3.mp4",
        "lY_rQalOC6E.0.2.mp4",
        "mlShD2AvbV8.5.1.mp4",
        "ti231UvSvfQ.17.2.mp4",
        "VaSlqE0Nx2Q.10.5.mp4",
        "guZ5AxQ6xb0.1.6.mp4",
        "ct7R8nnI-s0.8.1.mp4",
        "e_ofen9SDeM.0.2.mp4",
        "gisQqSu7r44.0.0.mp4",
        "4f3hG-5grlw.0.0.mp4",
        "3877.0.9.mp4",
        "DEypDAnnJL0.6.0.mp4",
        "LtXUoaZcp70.3.4.mp4",
        "upC8hjr2b4g.8.1.mp4",
        "5454.1.8.mp4",
        "GdRJCTR1KDQ.0.4.mp4",
        "wrW0enIo2u8.0.6.mp4",
        "VaSlqE0Nx2Q.3.1.mp4",
        "TktL3QR8Yg8.5.15.mp4",
        "0UthxdAH0ks.9.3.mp4",
        "190.2.9.mp4",
        "7pqGzmdE5zE.0.0.mp4",
        "8ouj_JN2ytI.0.2.mp4",
        "L0zS8z8YqJ8.5.0.mp4",
        "l5RWa1D00ck.0.3.mp4",
        "TP_0Vv5F29I.0.3.mp4",
        "u-dEnJpCGAQ.15.4.mp4",
        "u-dEnJpCGAQ.8.9.mp4",
        "y0aS2n1WmMg.1.1.mp4",
        "H4AZhS5WqKk.2.2.mp4",
        "8LiVGDq01FU.0.8.mp4",
        "8LiVGDq01FU.2.15.mp4",
        "IWv0EhEGmNI.17.3.mp4",
        "8ouj_JN2ytI.0.18.mp4",
        "bazSwSbo9rU.3.4.mp4",
        "190.2.7.mp4",
        "VaSlqE0Nx2Q.2.2.mp4",
        "qMeHR2Dc4mQ.0.5.mp4",
        "187.6.5.mp4",
        "3115442.0.mp4",
        "kxcw0iSn0xw.5.4.mp4",
        "LZkl0_9xFOU.2.2.mp4",
        "MuNyfqxAO6Y.2.1.mp4",
        "ti231UvSvfQ.10.6.mp4",
        "urgDBUXShos.0.6.mp4",
        "Ejcl5Jk_4QU.5.0.mp4",
        "kbE_OmSE_h4.0.0.mp4",
        "KF5p8VIbt0Y.7.4.mp4",
        "61.1.28.mp4",
        "u-dEnJpCGAQ.165.10.mp4",
        "5eDQ2SSsmEk.5.7.mp4",
        "2530.0.3.mp4",
        "h1PjJ9_Yd2c.2.2.mp4",
        "v75NeIqdD74.0.0.mp4",
        "ZXloF-qGW4U.0.5.mp4",
        "0UthxdAH0ks.1.1.mp4",
        "5eDQ2SSsmEk.11.2.mp4",
        "852363.4.mp4",
        "u5lhJHUwvOs.3.2.mp4",
        "4021535.0.8.mp4",
        "4881.0.23.mp4",
        "5qKYrajRNwo.2.4.mp4",
        "8LiVGDq01FU.2.10.mp4",
        "Cj6ho1-G6tw.0.14.mp4",
        "H4AZhS5WqKk.0.0.mp4",
        "KF5p8VIbt0Y.6.1.mp4",
        "ti231UvSvfQ.7.6.mp4",
        "upC8hjr2b4g.13.4.mp4",
        "VaSlqE0Nx2Q.8.2.mp4",
        "e_ofen9SDeM.4.1.mp4",
        "6303.0.14.mp4",
        "0u4NY-YtVII.0.5.mp4",
        "1497.1.22.mp4",
        "3m-ME9AXCTo.0.3.mp4",
        "4021535.0.6.mp4",
        "5653.2.3.mp4",
        "5eDQ2SSsmEk.4.5.mp4",
        "-eyUFAJ1xqo.0.4.mp4",
        "LtXUoaZcp70.1.5.mp4",
        "ORHIVufNfRM.13.9.mp4",
        "TktL3QR8Yg8.5.6.mp4",
        "u-dEnJpCGAQ.165.6.mp4",
        "X-keHLL75tg.3.2.mp4",
        "YakCuBMlQXQ.3.1.mp4",
        "190.2.0.mp4",
        "cf38f819cc3cee008c891a9256c3b59ef9f62b883ed02ed76427f304ffac991e.0.mp4",
        "guZ5AxQ6xb0.0.0.mp4",
        "H4AZhS5WqKk.2.16.mp4",
        "5454.1.12.mp4",
        "CbIWq4PGFCo.1.0.mp4",
        "OrOYvVf6tIM.2.7.mp4",
        "4422.0.13.mp4",
        "kxcw0iSn0xw.2.3.mp4",
        "kxcw0iSn0xw.3.2.mp4",
        "0Pzq0URbL2M.7.3.mp4",
        "0UthxdAH0ks.9.1.mp4",
        "GVr8pZmSa-c.6.1.mp4",
        "LZkl0_9xFOU.9.1.mp4",
        "piQsdrDKzzM.2.0.mp4",
        "IWv0EhEGmNI.17.2.mp4",
        "upC8hjr2b4g.8.3.mp4",
        "027bd84e297a500c52d35ab4a67f37e62007e76483baad5687496911e441d65d.1.mp4",
        "ScH9bCyqJ6s.0.1.mp4",
        "338.2.16.mp4",
        "338.2.22.mp4",
        "3m-ME9AXCTo.0.6.mp4",
        "5eDQ2SSsmEk.12.4.mp4",
        "60.0.18.mp4",
        "61.1.0.mp4",
        "8LiVGDq01FU.0.12.mp4",
        "9cf72aeafdabae7ed510a61012c08e0f9e008056b5b579288dd57fcd38f9c505.0.mp4",
        "bX8GaZ3O4-Q.3.2.mp4",
        "ce242b72a4677d6bc7b436bbc824852686eb877349816b6992895772350b19c5.2.mp4",
        "F7iLfuci75Y.9.1.mp4",
        "Gel59Iy3YhQ.7.8.mp4",
        "ORHIVufNfRM.13.7.mp4",
        "QDEFkpAHUcs.0.0.mp4",
        "QDEFkpAHUcs.0.1.mp4",
        "02a1b502d0ca3cdb3107d4c962a71d1f5b69b78c9ea330965e6f786f315ee527.0.mp4",
        "338.2.2.mp4",
        "3923c396290520b6dcedf49397a06682322bd225007879cdd4fa2b144116c293.2.mp4",
        "7O1eibuPn84.3.4.mp4",
        "CbIWq4PGFCo.0.2.mp4",
        "uWCGK4nneeU.5.9.mp4",
        "VaSlqE0Nx2Q.0.1.mp4",
        "H4AZhS5WqKk.2.17.mp4",
        "yGsVo0uIJVs.7.11.mp4",
        "bPZc7avrCT4.4.0.mp4",
        "VKre9_wM3Mo.1.9.mp4",
        "L3374C3OyrY.0.0.mp4",
        "lTxn2BuqyzU.0.8.mp4",
        "4021226.0.4.mp4",
        "4080.2.18.mp4",
        "3m-ME9AXCTo.0.1.mp4",
        "4881.0.17.mp4",
        "5679.1.2.mp4",
        "Ejcl5Jk_4QU.2.4.mp4",
        "F7iLfuci75Y.9.0.mp4",
        "fSWFUFdV5TU.5.0.mp4",
        "hHG1wva1B0w.5.1.mp4",
        "pCwpAGyJC8M.0.1.mp4",
        "QDEFkpAHUcs.0.4.mp4",
        "RYzkI_5ub58.8.0.mp4",
        "RZs5Hz1klno.5.4.mp4",
        "ZXloF-qGW4U.0.3.mp4",
        "e_ofen9SDeM.1.5.mp4",
        "i82xURPkLWo.2.4.mp4",
        "LZkl0_9xFOU.11.6.mp4",
        "QYAWxJ8a7RA.2.0.mp4",
        "_6DLjNKtENQ.0.2.mp4",
        "u-dEnJpCGAQ.8.7.mp4",
        "LZkl0_9xFOU.3.0.mp4",
        "xo9p8p6deRI.10.2.mp4",
        "Ejcl5Jk_4QU.2.2.mp4",
        "GVr8pZmSa-c.7.1.mp4",
        "R_yMclBMw5k.5.0.mp4",
        "vEvBpjCOBu0.6.2.mp4",
        "6303.0.17.mp4",
        "MuNyfqxAO6Y.2.4.mp4",
        "u-dEnJpCGAQ.3.0.mp4",
        "1497.1.7.mp4",
        "e_ofen9SDeM.4.2.mp4",
        "GVr8pZmSa-c.1.7.mp4",
        "1497.1.4.mp4",
        "190.2.12.mp4",
        "4PcpGxihPac.4.2.mp4",
        "60.0.28.mp4",
        "8iZ8RtiJq14.3.0.mp4",
        "bPZc7avrCT4.5.0.mp4",
        "CbIWq4PGFCo.0.4.mp4",
        "h1PjJ9_Yd2c.2.21.mp4",
        "KI2lsdXJQ40.0.10.mp4",
        "kxcw0iSn0xw.2.0.mp4",
        "kxcw0iSn0xw.2.2.mp4",
        "u-dEnJpCGAQ.2.10.mp4",
        "VaSlqE0Nx2Q.10.2.mp4",
        "VaSlqE0Nx2Q.12.6.mp4",
        "ZBsv_5fHtIg.0.4.mp4",
        "5653.2.0.mp4",
        "r5jbhW9uauc.2.3.mp4",
        "lTxn2BuqyzU.0.2.mp4",
        "CbIWq4PGFCo.0.0.mp4",
        "CbIWq4PGFCo.2.0.mp4",
        "hHG1wva1B0w.0.8.mp4",
        "190.2.4.mp4",
        "kxcw0iSn0xw.0.3.mp4",
        "LtXUoaZcp70.5.0.mp4",
        "molA_wwvFbk.8.0.mp4",
        "ScH9bCyqJ6s.1.1.mp4",
        "4f3hG-5grlw.2.4.mp4",
        "u5lhJHUwvOs.5.1.mp4",
        "uWCGK4nneeU.1.3.mp4",
        "5qKYrajRNwo.2.12.mp4",
        "5qKYrajRNwo.3.2.mp4",
        "6h6bMAWLYAI.9.0.mp4",
        "06789991de47b8c00d46246a5abcfd0a830d609e8ac1723fdda38dfccc3d3523.0.mp4",
        "0Pzq0URbL2M.2.0.mp4",
        "1943413.0.mp4",
        "3m-ME9AXCTo.1.3.mp4",
        "7jUW96CiEKA.0.7.mp4",
        "bX8GaZ3O4-Q.0.4.mp4",
        "FbQYMRZ1CWo.0.1.mp4",
        "LNHBMFCzznE.5.6.mp4",
        "urgDBUXShos.0.1.mp4",
        "urgDBUXShos.0.4.mp4",
        "urgDBUXShos.0.7.mp4",
        "YakCuBMlQXQ.6.2.mp4",
        "_6DLjNKtENQ.0.23.mp4",
        "TktL3QR8Yg8.0.6.mp4",
        "KdfhMulBsyk.2.5.mp4",
        "CbIWq4PGFCo.1.4.mp4",
        "pfGEdmZyVyY.1.3.mp4",
        "pfGEdmZyVyY.1.5.mp4",
        "190.2.15.mp4",
        "upC8hjr2b4g.13.3.mp4",
        "uWCGK4nneeU.0.5.mp4",
        "vEvBpjCOBu0.6.7.mp4",
        "5eDQ2SSsmEk.12.2.mp4",
        "852363.10.mp4",
        "Ejcl5Jk_4QU.0.0.mp4",
        "GVr8pZmSa-c.6.3.mp4",
        "i82xURPkLWo.2.11.mp4",
        "34b53d534e3200be0eef4bb8c8d77da9723668281a6baee67b376935b20065f9.0.mp4",
        "bPZc7avrCT4.4.2.mp4",
        "u-dEnJpCGAQ.15.8.mp4",
        "0u4NY-YtVII.4.3.mp4",
        "0BmANHSUbJg.3.2.mp4",
        "3005.1.17.mp4",
        "5933.2.8.mp4",
        "5qKYrajRNwo.2.3.mp4",
        "88vmzn_LufA.0.1.mp4",
        "f4ZzHtww6Tc.2.6.mp4",
        "kxcw0iSn0xw.1.2.mp4",
        "LtXUoaZcp70.2.5.mp4",
        "upC8hjr2b4g.0.4.mp4",
        "Ymjp5aH7KSM.0.0.mp4",
        "187.6.11.mp4",
        "21f44e953a8fbd9f8c7204e02c754f1b683ea011542be39d99ecce1aa69fe901.0.mp4",
        "ttZAdY3n4nc.3.0.mp4",
        "338.2.8.mp4",
        "8iZ8RtiJq14.5.7.mp4",
        "cV0altbknxk.0.0.mp4",
        "u-dEnJpCGAQ.15.2.mp4",
        "0Pzq0URbL2M.10.1.mp4",
        "-2uIa-XMJC0.3.2.mp4",
        "0Pzq0URbL2M.8.5.mp4",
        "1018.1.0.mp4",
        "bPZc7avrCT4.6.2.mp4",
        "cf38f819cc3cee008c891a9256c3b59ef9f62b883ed02ed76427f304ffac991e.2.mp4",
        "KI2lsdXJQ40.0.15.mp4",
        "U3Hb5mUjIDI.2.1.mp4",
        "4022628.0.0.mp4",
        "338.2.6.mp4",
        "4uGfFYzxWEg.0.6.mp4",
        "8LiVGDq01FU.2.6.mp4",
        "-eyUFAJ1xqo.1.0.mp4",
        "GVr8pZmSa-c.4.6.mp4",
        "hHG1wva1B0w.10.3.mp4",
        "mIiPt1YVkP8.3.4.mp4",
        "Y_df8_eRbnY.4.0.mp4",
        "99f75928006bd7b7d9798512b8d71b53d5d93d04a898612a2208b2177eb4fdaa.2.mp4",
        "RYzkI_5ub58.8.12.mp4",
        "5qKYrajRNwo.3.7.mp4",
        "cdbdf71cb5b76ac81a00f2e3e5c22bc27b126da4579752cd6a10da3650b4d8e3.0.mp4",
        "LZkl0_9xFOU.6.0.mp4",
        "ash8vDNcJBs.2.4.mp4",
        "_jli4enm3vw.3.mp4",
        "uG7_BX8MhT0.0.1.mp4",
        "hHG1wva1B0w.12.0.mp4",
        "Hv_DRJZZ2qI.2.11.mp4",
        "bPZc7avrCT4.1.2.mp4",
        "h1PjJ9_Yd2c.2.16.mp4",
        "K3U7Ybik1wM.1.1.mp4",
        "y0aS2n1WmMg.2.0.mp4",
        "DEypDAnnJL0.2.0.mp4",
        "yGsVo0uIJVs.7.10.mp4",
        "bazSwSbo9rU.3.7.mp4",
        "027bd84e297a500c52d35ab4a67f37e62007e76483baad5687496911e441d65d.0.mp4",
        "0UthxdAH0ks.3.0.mp4",
        "3205787.1.mp4",
        "4021248.0.2.mp4",
        "4PcpGxihPac.3.4.mp4",
        "5679.1.1.mp4",
        "6303.0.19.mp4",
        "8ouj_JN2ytI.0.4.mp4",
        "L0zS8z8YqJ8.0.4.mp4",
        "MuNyfqxAO6Y.8.16.mp4",
        "upC8hjr2b4g.9.5.mp4",
        "as8lT-q2_E8.2.5.mp4",
        "gooWdc6kb80.0.3.mp4",
        "KdfhMulBsyk.1.2.mp4",
        "MlQeLoTUoZE.25.3.mp4",
        "toXyCmbHl3w.0.2.mp4",
        "kxcw0iSn0xw.1.1.mp4",
        "CbIWq4PGFCo.2.1.mp4",
        "GdRJCTR1KDQ.0.0.mp4",
        "u-dEnJpCGAQ.165.7.mp4",
        "5eDQ2SSsmEk.1.0.mp4",
        "0Um7WnY72Us.1.1.mp4",
        "e_ofen9SDeM.3.0.mp4",
        "LZkl0_9xFOU.7.2.mp4",
        "upC8hjr2b4g.9.6.mp4",
        "338.2.3.mp4",
        "5eDQ2SSsmEk.3.1.mp4",
        "4422.0.19.mp4",
        "1470.0.10.mp4",
        "-2uIa-XMJC0.8.2.mp4",
        "3877.0.5.mp4",
        "3m-ME9AXCTo.0.4.mp4",
        "61.1.22.mp4",
        "hHG1wva1B0w.5.3.mp4",
        "i82xURPkLWo.3.8.mp4",
        "IWv0EhEGmNI.16.6.mp4",
        "u5lhJHUwvOs.2.0.mp4",
        "upC8hjr2b4g.0.2.mp4",
        "upC8hjr2b4g.9.2.mp4",
        "yGsVo0uIJVs.5.10.mp4",
        "ash8vDNcJBs.2.2.mp4",
        "H4AZhS5WqKk.0.20.mp4",
        "O6_XM2Mn0lg.6.mp4",
        "GVr8pZmSa-c.2.2.mp4",
        "LZkl0_9xFOU.13.4.mp4",
        "LZkl0_9xFOU.2.3.mp4",
        "ti231UvSvfQ.10.5.mp4",
        "VaSlqE0Nx2Q.1.2.mp4",
        "VaSlqE0Nx2Q.12.0.mp4",
        "8ouj_JN2ytI.0.15.mp4",
        "vEvBpjCOBu0.1.1.mp4",
        "190.2.14.mp4",
        "4f3hG-5grlw.0.1.mp4",
        "GVr8pZmSa-c.1.3.mp4",
        "upC8hjr2b4g.1.2.mp4",
        "KdfhMulBsyk.2.4.mp4",
        "u-dEnJpCGAQ.2.15.mp4",
        "5qKYrajRNwo.3.6.mp4",
        "GVr8pZmSa-c.1.6.mp4",
        "3005.1.16.mp4",
        "4021248.0.1.mp4",
        "bPZc7avrCT4.5.6.mp4",
        "bX8GaZ3O4-Q.3.15.mp4",
        "hHG1wva1B0w.7.5.mp4",
        "LZkl0_9xFOU.9.4.mp4",
        "MuNyfqxAO6Y.8.13.mp4",
        "r-BCbF55fxo.0.5.mp4",
        "VKre9_wM3Mo.3.3.mp4",
        "2519.5.20.mp4",
        "RYzkI_5ub58.3.10.mp4",
        "qMeHR2Dc4mQ.3.6.mp4",
        "LZkl0_9xFOU.17.1.mp4",
        "61.1.13.mp4",
        "bPZc7avrCT4.6.0.mp4",
        "bPZc7avrCT4.6.1.mp4",
        "d39558c5e242ded2702165064e136c521caa835af83135257d6e538e703c5526.3.mp4",
        "h1PjJ9_Yd2c.2.6.mp4",
        "BKX6EhDrgqQ.3.1.mp4",
        "Ejcl5Jk_4QU.2.3.mp4",
        "KoJ0Pih0Ssc.5.0.mp4",
        "9ddb5f18be693e72c2dc446d3909d2d59d7036be4466643a956c9fae5e03f977.2.mp4",
        "F7iLfuci75Y.5.0.mp4",
        "0OFBj7EjZ-g.0.10.mp4",
        "3005.1.7.mp4",
        "3m-ME9AXCTo.0.5.mp4",
        "4881.0.12.mp4",
        "4PcpGxihPac.3.0.mp4",
        "8ouj_JN2ytI.0.19.mp4",
        "GdRJCTR1KDQ.0.6.mp4",
        "GdRJCTR1KDQ.1.1.mp4",
        "h1PjJ9_Yd2c.2.1.mp4",
        "JDaw5I_5hPk.0.6.mp4",
        "K3U7Ybik1wM.4.4.mp4",
        "opXBWdk-mbQ.0.2.mp4",
        "pfGEdmZyVyY.0.2.mp4",
        "TktL3QR8Yg8.0.9.mp4",
        "-2uIa-XMJC0.6.11.mp4",
        "fSWFUFdV5TU.1.5.mp4",
        "4080.2.12.mp4",
        "5qKYrajRNwo.3.8.mp4",
        "61.1.1.mp4",
        "7jUW96CiEKA.8.9.mp4",
        "kxcw0iSn0xw.0.4.mp4",
        "0u4NY-YtVII.0.1.mp4",
        "ce57ba060207b64ae10505cd4971ec07ee29212ef49f242872278ec3f8e3435c.0.mp4",
        "i82xURPkLWo.2.7.mp4",
        "qMeHR2Dc4mQ.3.5.mp4",
        "KoJ0Pih0Ssc.3.3.mp4",
        "upC8hjr2b4g.12.3.mp4",
        "LZkl0_9xFOU.8.1.mp4",
        "VKre9_wM3Mo.1.1.mp4",
        "u5lhJHUwvOs.1.0.mp4",
        "1470.0.23.mp4",
        "2530.0.6.mp4",
        "bPZc7avrCT4.5.9.mp4",
        "bX8GaZ3O4-Q.3.11.mp4",
        "Gel59Iy3YhQ.7.2.mp4",
        "KI2lsdXJQ40.2.4.mp4",
        "l5RWa1D00ck.0.0.mp4",
        "LZkl0_9xFOU.13.5.mp4",
        "LZkl0_9xFOU.3.1.mp4",
        "uRxaTaRrADU.0.0.mp4",
        "u-dEnJpCGAQ.15.1.mp4",
        "kxcw0iSn0xw.5.5.mp4",
        "4505.1.1.mp4",
        "e_ofen9SDeM.4.0.mp4",
        "qMeHR2Dc4mQ.0.2.mp4",
        "0OFBj7EjZ-g.7.0.mp4",
        "0u4NY-YtVII.2.3.mp4",
        "7pqGzmdE5zE.0.3.mp4",
        "3036.0.1.mp4",
        "KF5p8VIbt0Y.5.0.mp4",
        "3HYfPz8lvDI.0.1.mp4",
        "u5lhJHUwvOs.1.3.mp4",
        "338.2.1.mp4",
        "GVr8pZmSa-c.4.5.mp4",
        "3877.0.3.mp4",
        "1aa6095ed461f823bd3187040dadd0b56d7340389fa26f691bc611f2da6e7cb8.1.mp4",
        "4022437.0.5.mp4",
        "as8lT-q2_E8.1.4.mp4",
        "GdRJCTR1KDQ.0.3.mp4",
        "Hv_DRJZZ2qI.2.12.mp4",
        "l5RWa1D00ck.0.9.mp4",
        "RYzkI_5ub58.3.2.mp4",
        "TktL3QR8Yg8.0.7.mp4",
        "vEvBpjCOBu0.8.3.mp4",
        "VKre9_wM3Mo.1.13.mp4",
        "wm7U8nEH59o.0.2.mp4",
        "hHG1wva1B0w.9.4.mp4",
        "338.2.10.mp4",
        "4881.0.1.mp4",
        "KdfhMulBsyk.3.5.mp4",
        "aVA7aXOH1pk.3.2.mp4",
        "bPZc7avrCT4.5.4.mp4",
        "1265.1.28.mp4",
        "fSWFUFdV5TU.2.3.mp4",
        "YakCuBMlQXQ.5.2.mp4",
        "5qKYrajRNwo.2.14.mp4",
        "lTxn2BuqyzU.0.12.mp4",
        "n0SQy2r9tR8.0.0.mp4",
        "u-dEnJpCGAQ.8.3.mp4",
        "ScH9bCyqJ6s.1.4.mp4",
        "1497.1.15.mp4",
        "60.0.14.mp4",
        "ti231UvSvfQ.10.2.mp4",
        "K3U7Ybik1wM.2.2.mp4",
        "1470.0.45.mp4",
        "2519.5.21.mp4",
        "349ebdc44247940e23b5faa00c3181608c8107d57016bc3abcb5587e072bc6db.0.mp4",
        "3HYfPz8lvDI.3.0.mp4",
        "4080.2.13.mp4",
        "5454.1.11.mp4",
        "6303.0.6.mp4",
        "6zblV1RyJWM.2.0.mp4",
        "8LiVGDq01FU.2.13.mp4",
        "anEdRKaWM-I.0.3.mp4",
        "bPZc7avrCT4.5.8.mp4",
        "EFvnpRE9qC8.0.2.mp4",
        "GVr8pZmSa-c.0.4.mp4",
        "RYzkI_5ub58.3.14.mp4",
        "RYzkI_5ub58.8.3.mp4",
        "YakCuBMlQXQ.8.1.mp4",
        "f4ZzHtww6Tc.2.4.mp4",
        "ScH9bCyqJ6s.0.0.mp4",
        "kjI2gyb2hR4.0.1.mp4",
        "Zp1FGa68mXI.0.0.mp4",
        "hmVHumNMEGw.0.2.mp4",
        "6PrdQBuXyxQ.0.6.mp4",
        "kjI2gyb2hR4.0.0.mp4",
        "kjI2gyb2hR4.0.2.mp4",
        "kjI2gyb2hR4.1.0.mp4",
        "lkAGyeDKxG4.0.3.mp4",
        "Qyw9uPO88E8.0.0.mp4",
        "VYea_nN8thI.0.1.mp4",
        "4f3hG-5grlw.3.0.mp4",
        "nxrDoOUASFY.0.0.mp4",
        "u5lhJHUwvOs.5.5.mp4",
        "XM2d9-l73xE.0.0.mp4",
        "zR63m0JN5WY.0.0.mp4",
        "-2uIa-XMJC0.4.0.mp4",
        "4422.0.5.mp4",
        "4uGfFYzxWEg.3.3.mp4",
        "7pqGzmdE5zE.3.1.mp4",
        "augBci6Gic4.0.1.mp4",
        "hoBuA560KpY.1.2.mp4",
        "kxcw0iSn0xw.5.1.mp4",
        "qMeHR2Dc4mQ.3.7.mp4",
        "vEvBpjCOBu0.7.10.mp4",
        "wq1iqovmqOA.0.1.mp4",
        "YakCuBMlQXQ.6.1.mp4",
        "upC8hjr2b4g.12.5.mp4",
        "kxcw0iSn0xw.6.2.mp4",
        "0Pzq0URbL2M.3.0.mp4",
        "4f3hG-5grlw.2.1.mp4",
        "BV7Q0zYDO9I.5.1.mp4",
        "JGiXuXc3cao.12.8.mp4",
        "LZkl0_9xFOU.9.3.mp4",
        "mIiPt1YVkP8.8.3.mp4",
        "RYzkI_5ub58.3.11.mp4",
        "DEypDAnnJL0.4.0.mp4",
        "LZkl0_9xFOU.6.1.mp4",
        "5eDQ2SSsmEk.15.0.mp4",
        "6aef88c40ab56905fa975814538e0bfb28c0fa115eb0e8083da1740203b729e5.0.mp4",
        "0Pzq0URbL2M.10.0.mp4",
        "y0aS2n1WmMg.3.4.mp4",
        "Ejcl5Jk_4QU.2.1.mp4",
        "4021535.0.2.mp4",
        "fSWFUFdV5TU.2.2.mp4",
        "GVr8pZmSa-c.0.8.mp4",
        "hHG1wva1B0w.5.4.mp4",
        "JDaw5I_5hPk.0.4.mp4",
        "KI2lsdXJQ40.2.0.mp4",
        "l5RWa1D00ck.0.8.mp4",
        "TktL3QR8Yg8.5.16.mp4",
        "yQLgp8trSDc.0.0.mp4",
        "BKX6EhDrgqQ.5.1.mp4",
        "4uGfFYzxWEg.0.5.mp4",
        "5E3qlA8zbDk.0.2.mp4",
        "-eyUFAJ1xqo.1.4.mp4",
        "fP5UM4elIes.1.2.mp4",
        "hpTEzp-6CkM.0.5.mp4",
        "NJm86fzxG8s.6.3.mp4",
        "ti231UvSvfQ.6.2.mp4",
        "vEvBpjCOBu0.8.0.mp4",
        "YakCuBMlQXQ.0.3.mp4",
        "yGsVo0uIJVs.7.1.mp4",
        "5ZMi2aq_TR8_4410_4710.0.mp4",
        "gibeeJyElxo.0.2.mp4",
        "ICxC5ekWnUc_1080_1380.0.0.mp4",
        "P8JgTjTPIuk.2.0.mp4",
        "6MJ04n6WX1k.0.1.mp4",
        "m4_9TFeMfJE_240_420.0.mp4",
        "RolttrarOOA.0.3.mp4",
        "uWCGK4nneeU.5.0.mp4",
        "YBC2JaevzOI.2.3.mp4",
        "0OFBj7EjZ-g.7.2.mp4",
        "DEypDAnnJL0.5.5.mp4",
        "ex_On2pyFFY.0.4.mp4",
        "LZkl0_9xFOU.11.0.mp4",
        "px9IqOnilHI.1.2.mp4",
        "vEvBpjCOBu0.2.1.mp4",
        "3m-ME9AXCTo.1.2.mp4",
        "88vmzn_LufA.6.0.mp4",
        "hCr1JvdvBqs.0.6.mp4",
        "Kui5PpD9ITE.0.3.mp4",
        "ti231UvSvfQ.17.1.mp4",
        "upC8hjr2b4g.6.4.mp4",
        "vEvBpjCOBu0.5.4.mp4",
        "vEvBpjCOBu0.6.1.mp4",
        "0UthxdAH0ks.8.0.mp4",
        "9f90e75adbe65a4aa8ad6e82376fa4566845587c304d8663ce4d4fcab64ef783.0.mp4",
        "aVA7aXOH1pk.1.1.mp4",
        "IWv0EhEGmNI.17.4.mp4",
        "mIiPt1YVkP8.0.1.mp4",
        "piQsdrDKzzM.0.1.mp4",
        "0Um7WnY72Us.3.0.mp4",
        "4f3hG-5grlw.0.2.mp4",
        "8iZ8RtiJq14.1.4.mp4",
        "bazSwSbo9rU.4.4.mp4",
        "GVr8pZmSa-c.2.0.mp4",
        "hCr1JvdvBqs.1.9.mp4",
        "LZkl0_9xFOU.9.5.mp4",
        "pfGEdmZyVyY.1.0.mp4",
        "u-dEnJpCGAQ.3.4.mp4",
        "XN2VC7QFdTs.1.1.mp4",
        "Y-Ana439DgE.0.3.mp4",
        "ZADlkbr7Avg.7.10.mp4",
        "e_ofen9SDeM.2.5.mp4",
        "LZkl0_9xFOU.3.2.mp4",
        "u5lhJHUwvOs.5.6.mp4",
        "VaSlqE0Nx2Q.12.5.mp4",
        "yGsVo0uIJVs.1.1.mp4",
        "u-dEnJpCGAQ.15.7.mp4",
        "Vm-b2AVwARw.3.5.mp4",
        "1265.1.1.mp4",
        "2530.0.10.mp4",
        "bazSwSbo9rU.3.3.mp4",
        "QYAWxJ8a7RA.1.0.mp4",
        "y0aS2n1WmMg.0.2.mp4",
        "6303.0.21.mp4",
        "h1PjJ9_Yd2c.2.22.mp4",
        "0Pzq0URbL2M.4.2.mp4",
        "0Pzq0URbL2M.4.3.mp4",
        "3HYfPz8lvDI.3.7.mp4",
        "8ouj_JN2ytI.2.2.mp4",
        "kxcw0iSn0xw.0.5.mp4",
        "4022437.0.6.mp4",
        "003a3cf938cb0320756969955438e8e7b669e569eef2313fbf1116f501f17425.0.mp4",
        "4080.2.3.mp4",
        "8ouj_JN2ytI.2.7.mp4",
        "99f75928006bd7b7d9798512b8d71b53d5d93d04a898612a2208b2177eb4fdaa.0.mp4",
        "9rGRF5S7bGk.0.0.mp4",
        "A_StkRKB1jU.0.5.mp4",
        "BKX6EhDrgqQ.3.2.mp4",
        "KoJ0Pih0Ssc.2.8.mp4",
        "rfg9l66Eskw.0.1.mp4",
        "RolttrarOOA.0.0.mp4",
        "TktL3QR8Yg8.5.13.mp4",
        "u5lhJHUwvOs.8.4.mp4",
        "upC8hjr2b4g.11.1.mp4",
        "005a89388809aac833a0dc2389ac39f396cc64e4d03a30ec3dab8944db09183e.2.mp4",
        "338.2.7.mp4",
        "0TqQje61Hoo.3.1.mp4",
        "3m-ME9AXCTo.0.7.mp4",
        "BKX6EhDrgqQ.0.5.mp4",
        "Hby08EPZV1c.0.0.mp4",
        "hHG1wva1B0w.1.0.mp4",
        "KdfhMulBsyk.1.6.mp4",
        "Ml-9GyPK_hw.10.4.mp4",
        "mNw95NVxGSM.0.15.mp4",
        "najlHnTNXwE.0.0.mp4",
        "8iZ8RtiJq14.1.0.mp4",
        "-eyUFAJ1xqo.1.1.mp4",
        "HasIb5pfWkQ.1.6.mp4",
        "hHG1wva1B0w.6.1.mp4",
        "Hv_DRJZZ2qI.2.0.mp4",
        "kxcw0iSn0xw.5.3.mp4",
        "LZkl0_9xFOU.17.2.mp4",
        "mIiPt1YVkP8.11.6.mp4",
        "rtzeq_jtXHU.0.3.mp4",
        "urgDBUXShos.0.2.mp4",
        "yAgI51QvWxs.1.4.mp4",
        "Zj8RcNRixNM.0.4.mp4",
        "kxcw0iSn0xw.3.0.mp4",
        "CbIWq4PGFCo.1.1.mp4",
        "HYl9QIJJvdA.0.2.mp4",
        "RYzkI_5ub58.8.5.mp4",
        "u-dEnJpCGAQ.15.3.mp4",
        "GVr8pZmSa-c.1.2.mp4",
        "lJXaNYTVjrQ.0.1.mp4",
        "DEypDAnnJL0.4.3.mp4",
        "LZkl0_9xFOU.16.0.mp4",
        "ti231UvSvfQ.7.4.mp4",
        "u5lhJHUwvOs.4.7.mp4",
        "ce7a2df064c272a750b3eaa0e6ea6aa10e975f2df17b825549ca3c439aaf0317.0.mp4",
        "TktL3QR8Yg8.5.9.mp4",
        "0UthxdAH0ks.1.3.mp4",
        "hHG1wva1B0w.9.5.mp4",
        "3epU697sU9E.3.2.mp4",
        "hHG1wva1B0w.0.1.mp4",
        "3HYfPz8lvDI.4.0.mp4",
        "4021226.0.2.mp4",
        "60.0.50.mp4",
        "6303.0.22.mp4",
        "7pqGzmdE5zE.2.0.mp4",
        "Hv_DRJZZ2qI.2.6.mp4",
        "KI2lsdXJQ40.0.14.mp4",
        "LZkl0_9xFOU.15.0.mp4",
        "mlShD2AvbV8.5.6.mp4",
        "rfg9l66Eskw.0.0.mp4",
        "RolttrarOOA.0.4.mp4",
        "RZs5Hz1klno.2.3.mp4",
        "ti231UvSvfQ.7.5.mp4",
        "187.6.7.mp4",
        "VaSlqE0Nx2Q.5.0.mp4",
        "-2uIa-XMJC0.5.5.mp4",
        "-2uIa-XMJC0.7.1.mp4",
        "8iZ8RtiJq14.11.1.mp4",
        "hHG1wva1B0w.11.1.mp4",
        "KoJ0Pih0Ssc.3.1.mp4",
        "LZkl0_9xFOU.14.0.mp4",
        "mIiPt1YVkP8.0.9.mp4",
        "Ml-9GyPK_hw.7.7.mp4",
        "onVhbeY7nLM.2.0.mp4",
        "piQsdrDKzzM.0.2.mp4",
        "Q94h0nVnPR0.0.0.mp4",
        "sdidb7Z8IUc.6.2.mp4",
        "t2_J-RVP7EM.10.4.mp4",
        "t2_J-RVP7EM.12.0.mp4",
        "YakCuBMlQXQ.0.5.mp4",
        "0Pzq0URbL2M.3.1.mp4",
        "0Pzq0URbL2M.7.4.mp4",
        "5eDQ2SSsmEk.4.6.mp4",
        "5eDQ2SSsmEk.8.5.mp4",
        "G_TLZr6ZbLE.0.0.mp4",
        "iA1xQ0W1vdE.0.2.mp4",
        "LZkl0_9xFOU.17.3.mp4",
        "LZkl0_9xFOU.7.1.mp4",
        "M_jeYkZVn6U.0.2.mp4",
        "RZs5Hz1klno.1.6.mp4",
        "upC8hjr2b4g.11.5.mp4",
        "0xHjRq5hd9c.0.10.mp4",
        "61.1.18.mp4",
        "DEypDAnnJL0.5.3.mp4",
        "H3k1uxgxAUM.0.5.mp4",
        "HasIb5pfWkQ.1.9.mp4",
        "kxcw0iSn0xw.0.0.mp4",
        "lJXaNYTVjrQ.0.3.mp4",
        "piQsdrDKzzM.2.4.mp4",
        "urgDBUXShos.0.3.mp4",
        "338.2.24.mp4",
        "4021226.0.5.mp4",
        "5eDQ2SSsmEk.4.0.mp4",
        "5X5i4qN6M88.2.1.mp4",
        "ArFQwUqoNSk.0.1.mp4",
        "bazSwSbo9rU.4.0.mp4",
        "e_ofen9SDeM.2.6.mp4",
        "KdfhMulBsyk.2.3.mp4",
        "LZkl0_9xFOU.14.2.mp4",
        "rtzeq_jtXHU.0.2.mp4",
        "u5lhJHUwvOs.6.2.mp4",
        "wqn8akChql4.0.8.mp4",
        "XA2X_JBzkzY.2.2.mp4",
        "Yp5eTT6kZIo.1.3.mp4",
        "0Pzq0URbL2M.6.2.mp4",
        "0UthxdAH0ks.1.2.mp4",
        "3HYfPz8lvDI.2.1.mp4",
        "DEypDAnnJL0.4.2.mp4",
        "l5RWa1D00ck.0.6.mp4",
        "MK_p4kzcPVY.0.1.mp4",
        "MQugcNLFI9k.5.4.mp4",
        "sdidb7Z8IUc.9.0.mp4",
        "treWO3ys06g.8.0.mp4",
        "upC8hjr2b4g.13.2.mp4",
        "-WjxasGriTg.0.2.mp4",
        "3205787.4.mp4",
        "3HYfPz8lvDI.0.3.mp4",
        "4f3hG-5grlw.4.2.mp4",
        "8ouj_JN2ytI.2.4.mp4",
        "C4Ktho9cjYk.0.3.mp4",
        "hHG1wva1B0w.0.7.mp4",
        "kxcw0iSn0xw.6.4.mp4",
        "M_jeYkZVn6U.0.1.mp4",
        "px9IqOnilHI.1.7.mp4",
        "RZs5Hz1klno.1.1.mp4",
        "vEvBpjCOBu0.3.6.mp4",
        "0UthxdAH0ks.2.5.mp4",
        "3epU697sU9E.1.6.mp4",
        "7RRBXH-z2xM.0.4.mp4",
        "g7gPegf76Mw.0.2.mp4",
        "KB3KMUw54Hc.4.1.mp4",
        "kxcw0iSn0xw.5.0.mp4",
        "lz5xvWTodyw.9.3.mp4",
        "LZkl0_9xFOU.9.2.mp4",
        "Ml-9GyPK_hw.4.3.mp4",
        "u35WIs62R2M.8.1.mp4",
        "Vm-b2AVwARw.5.0.mp4",
        "1hu1np_BI2M.11.0.mp4",
        "2521.4.1.mp4",
        "2owyWq9Gqe0.0.2.mp4",
        "hoBuA560KpY.1.0.mp4",
        "KoJ0Pih0Ssc.2.0.mp4",
        "sLX9J2NBL3w.0.3.mp4",
        "VJgzJ6afmS4.1.3.mp4",
        "i82xURPkLWo.2.9.mp4",
        "Vm-b2AVwARw.5.2.mp4",
        "8iZ8RtiJq14.5.2.mp4",
        "hHG1wva1B0w.0.5.mp4",
        "upC8hjr2b4g.7.1.mp4",
        "anEdRKaWM-I.0.2.mp4",
        "qMeHR2Dc4mQ.0.3.mp4",
        "Za8g7TQ5JwI.0.0.mp4",
        "ct7R8nnI-s0.8.0.mp4",
        "hHG1wva1B0w.4.1.mp4",
        "bazSwSbo9rU.4.3.mp4",
        "KI2lsdXJQ40.2.1.mp4",
        "4881.0.28.mp4",
        "bazSwSbo9rU.2.0.mp4",
        "bPZc7avrCT4.0.2.mp4",
        "h1PjJ9_Yd2c.0.5.mp4",
        "i82xURPkLWo.3.12.mp4",
        "MPX29k4uwSg.0.1.mp4",
        "toXyCmbHl3w.0.0.mp4",
        "u-dEnJpCGAQ.3.3.mp4",
        "u-dEnJpCGAQ.8.11.mp4",
        "urgDBUXShos.0.8.mp4",
        "vQwotuKuUzE.0.0.mp4",
        "xo9p8p6deRI.3.3.mp4",
        "yGsVo0uIJVs.7.9.mp4",
        "opXBWdk-mbQ.0.1.mp4",
        "4881.0.5.mp4",
        "OrOYvVf6tIM.2.6.mp4",
        "0UthxdAH0ks.6.2.mp4",
        "5eDQ2SSsmEk.0.2.mp4",
        "GVr8pZmSa-c.0.3.mp4",
        "l5RWa1D00ck.0.4.mp4",
        "LZkl0_9xFOU.16.3.mp4",
        "TSVCVPW-5JI.0.0.mp4",
        "u35WIs62R2M.6.4.mp4",
        "ZADlkbr7Avg.6.10.mp4",
        "338.2.18.mp4",
        "4uGfFYzxWEg.5.0.mp4",
        "P9Z0XP6mkCg.0.1.mp4",
        "1194c98bc5d77ed5763a745d52e227e7bff94fd535e0c0ff9b4472e83e7cb752.0.mp4",
        "0UthxdAH0ks.6.1.mp4",
        "5eDQ2SSsmEk.8.2.mp4",
        "66abc01f9d6f8705fc83328c23989b377fcabd5247d61e5b70baab29c752cd82.0.mp4",
        "ArFQwUqoNSk.0.0.mp4",
        "QYAWxJ8a7RA.5.1.mp4",
        "4PcpGxihPac.0.0.mp4",
        "8ouj_JN2ytI.2.5.mp4",
        "W7S2LT1xay0.0.5.mp4",
        "5eDQ2SSsmEk.14.0.mp4",
        "5eDQ2SSsmEk.2.6.mp4",
        "F7iLfuci75Y.3.0.mp4",
        "RZs5Hz1klno.0.6.mp4",
        "2530.0.0.mp4",
        "4022437.0.2.mp4",
        "h1PjJ9_Yd2c.5.3.mp4",
        "0Pzq0URbL2M.0.0.mp4",
        "0UthxdAH0ks.8.3.mp4",
        "2519.5.4.mp4",
        "5qKYrajRNwo.3.5.mp4",
        "Vm-b2AVwARw.4.0.mp4",
        "1470.0.14.mp4",
        "223333.0.mp4",
        "338.2.17.mp4",
        "4021248.0.4.mp4",
        "8iZ8RtiJq14.7.3.mp4",
        "9jLZPZEIWq0.0.0.mp4",
        "aVA7aXOH1pk.1.3.mp4",
        "CbIWq4PGFCo.0.3.mp4",
        "LI7i6DQfh0o.0.3.mp4",
        "YakCuBMlQXQ.3.2.mp4",
        "5qKYrajRNwo.2.13.mp4",
        "bPZc7avrCT4.5.2.mp4",
        "2519.5.10.mp4",
        "3125982.1.mp4",
        "4422.0.24.mp4",
        "47f4df7877163fa635cf93fa75853a526b9f738b9c08d43f0126b81b721045d7.0.mp4",
        "_6DLjNKtENQ.0.7.mp4",
        "8LiVGDq01FU.2.1.mp4",
        "GdRJCTR1KDQ.1.4.mp4",
        "h1PjJ9_Yd2c.2.8.mp4",
        "IWv0EhEGmNI.15.1.mp4",
        "kxcw0iSn0xw.0.2.mp4",
        "qYztDs8vPBg.4.2.mp4",
        "3877.0.14.mp4",
        "61.1.26.mp4",
        "8LiVGDq01FU.2.0.mp4",
        "8ouj_JN2ytI.2.8.mp4",
        "D-AFZempONw.0.1.mp4",
        "i82xURPkLWo.0.2.mp4",
        "KdfhMulBsyk.2.0.mp4",
        "KI2lsdXJQ40.2.2.mp4",
        "R_yMclBMw5k.0.0.mp4",
        "ScH9bCyqJ6s.5.0.mp4"
    ]
}