{
    "label": "cam_setup.height_wrt_subject.height_wrt_subject_change_from_low_to_high",
    "label_name": "Height Wrt Subject Change From Low To High",
    "definition": "Does the subject start below and end at or above the camera\u2019s height, or start level and end above?",
    "pos": [
        "BNzc6hG3yN4.1.3.mp4",
        "IyTv_SR2uUo.2.8.mp4",
        "h5U50ZsFUaY.1.0.mp4",
        "h5U50ZsFUaY.0.1.mp4",
        "h5U50ZsFUaY.1.1.mp4",
        "oRt5NPY7yYA.5.2.mp4",
        "DEypDAnnJL0.2.1.mp4",
        "Gel59Iy3YhQ.5.1.mp4",
        "-2uIa-XMJC0.5.9.mp4",
        "as8lT-q2_E8.0.0.mp4",
        "2616637.1.mp4",
        "mIiPt1YVkP8.13.1.mp4",
        "JGiXuXc3cao.9.2.mp4",
        "5eDQ2SSsmEk.10.0.mp4",
        "upC8hjr2b4g.12.1.mp4",
        "LZkl0_9xFOU.9.0.mp4",
        "L0zS8z8YqJ8.4.2.mp4",
        "upC8hjr2b4g.9.4.mp4",
        "JpEfHcVrtXI.2.0.mp4",
        "0214a364-96b0-4bec-aaf7-8589c6562ff1.mp4",
        "08241029-e353-496c-b4b8-a17ef84abfb6.mp4",
        "15ee4487-29d5-4de3-a936-ac80177668ba.mp4",
        "295d90ef-3671-407d-8a4f-b871eb1cd50f.mp4",
        "4000a6c5-6b04-48ae-b1b5-8efd4cc25b93.mp4",
        "50846855-56ea-43a2-8a86-887015926906.mp4",
        "5633f5b7-6aeb-4f96-b13e-e4cf0a3323c1.mp4",
        "603530ac-d3a6-4edb-8936-66ae5b56d1da.mp4",
        "85750c9d-bf58-44f0-9f62-8f3c879a7a0e.mp4",
        "a33f3892-4e47-48c3-a60b-3e7a42b8f0f2.mp4",
        "acd23c60-455f-4b82-b222-1f420b15301c.mp4",
        "b13f02a1-0ccb-42c2-a5a5-586465c7ff12.mp4",
        "d61f5928-32a5-4113-aaf0-fc56347ba2b9.mp4",
        "d74db176-38e5-4a95-874b-9c7de3cfc8db.mp4",
        "e46317b6-b10e-4859-b9fc-6048c64f7419.mp4",
        "e493c77f-4f26-43e7-9c22-07b01bc835dc.mp4",
        "3c5a805d-a14a-47d8-b4cb-74123a13eb95.mp4",
        "fabb5208-a075-4b06-a195-8740af065734.mp4",
        "3QgF6qGUSPE_0005_0008.mp4",
        "xo9p8p6deRI.0.0.mp4",
        "-F9hoWSAX5w.0.0.mp4",
        "FUQhNGEu2KA.0.1.mp4",
        "BDZguJn-2u4_545_548.mp4",
        "PSpUM9_l2HI_693_695.mp4",
        "qjTjU8PEfEA_283_285.mp4",
        "-u5CTkgJVgA_171_173.mp4",
        "-u5CTkgJVgA_182_185.mp4",
        "98LLOYn_EXA_193_204.mp4",
        "y5G9CZyN42Y_5_7.mp4",
        "huiitNGUIlU.mp4",
        "CaeOdRY6Qnw.mp4",
        "bFIB05LGtMs.mp4",
        "fbqHK8i-HdA.mp4",
        "Skj447Dmp8I_4.mp4",
        "Cj6ho1-G6tw.0.3.mp4",
        "j7WbkzvTuU8.5.0.mp4",
        "nb69sgB5mG0.2.1.mp4",
        "LtXUoaZcp70.2.3.mp4",
        "ScH9bCyqJ6s.5.1.mp4",
        "KF5p8VIbt0Y.1.0.mp4",
        "4uGfFYzxWEg.0.3.mp4",
        "zJe05HKXf5Q.0.mp4",
        "yGsVo0uIJVs.5.1.mp4",
        "F2g6aO9AxE4.1.mp4",
        "LtXUoaZcp70.0.1.mp4",
        "iXzposKQzvs.2.6.mp4",
        "0Pzq0URbL2M.3.5.mp4",
        "as8lT-q2_E8.0.2.mp4",
        "upC8hjr2b4g.8.1.mp4",
        "4021298.0.3.mp4",
        "JGiXuXc3cao.8.2.mp4",
        "kbE_OmSE_h4.0.0.mp4",
        "NZ3Pba3Xsk4.14.7.mp4",
        "mIiPt1YVkP8.9.0.mp4",
        "4uGfFYzxWEg.6.1.mp4",
        "ct7R8nnI-s0.9.0.mp4",
        "IWv0EhEGmNI.16.3.mp4",
        "M0jmSsQ5ptw.0.0.mp4",
        "Cj6ho1-G6tw.0.20.mp4",
        "uWCGK4nneeU.4.4.mp4",
        "Hv_DRJZZ2qI.2.22.mp4",
        "88vmzn_LufA.6.1.mp4",
        "mIiPt1YVkP8.11.1.mp4",
        "yOo_ZUVU_O8.0.0.mp4",
        "Uofofz62A2E.0.2.mp4",
        "nb69sgB5mG0.2.2.mp4",
        "upC8hjr2b4g.9.2.mp4",
        "iXzposKQzvs.2.8.mp4",
        "KdfhMulBsyk.5.3.mp4",
        "wm7U8nEH59o.0.4.mp4",
        "ZkLQqywiwlY.0.3.mp4",
        "VaSlqE0Nx2Q.4.2.mp4",
        "1497.1.24.mp4",
        "Hv_DRJZZ2qI.2.2.mp4",
        "1934.1.22.mp4",
        "3esyihbPQm8.0.3.mp4",
        "BNzc6hG3yN4.1.0.mp4",
        "BNzc6hG3yN4.1.1.mp4",
        "JpEfHcVrtXI.3.12.mp4",
        "GVr8pZmSa-c.0.4.mp4",
        "ocLJWCnMhTo.1.7.mp4",
        "ocLJWCnMhTo.2.5.mp4",
        "BNzc6hG3yN4.0.4.mp4",
        "ocLJWCnMhTo.1.0.mp4",
        "BNzc6hG3yN4.0.0.mp4",
        "ocLJWCnMhTo.2.2.mp4",
        "ocLJWCnMhTo.0.3.mp4",
        "ocLJWCnMhTo.2.3.mp4",
        "ocLJWCnMhTo.1.4.mp4",
        "ocLJWCnMhTo.1.5.mp4",
        "ocLJWCnMhTo.1.6.mp4",
        "ocLJWCnMhTo.1.9.mp4",
        "9P2zAwProxo.3.0.mp4",
        "b9-cHk-7N8k.0.4.mp4",
        "yOo_ZUVU_O8.0.1.mp4",
        "LtXUoaZcp70.3.0.mp4",
        "BV7Q0zYDO9I.3.0.mp4",
        "f4ZzHtww6Tc.2.14.mp4",
        "m1LHXV49zn8.2.10.mp4",
        "338.2.26.mp4",
        "IAVXdvsmqBM.0.1.mp4",
        "CBRwF0LU3Ys.0.0.mp4",
        "xo9p8p6deRI.10.3.mp4",
        "vEvBpjCOBu0.3.6.mp4",
        "-2uIa-XMJC0.5.2.mp4",
        "eWpsukBVJAI.0.1.mp4"
    ],
    "neg": [
        "IyTv_SR2uUo.1.7.mp4",
        "xhrAGJviQJA.0.4.mp4",
        "2XfRQe1Ngak.0.1.mp4",
        "BNzc6hG3yN4.0.9.mp4",
        "TP_0Vv5F29I.2.3.mp4",
        "yGsVo0uIJVs.1.9.mp4",
        "Gel59Iy3YhQ.14.0.mp4",
        "-2uIa-XMJC0.5.4.mp4",
        "0OFBj7EjZ-g.2.5.mp4",
        "vEvBpjCOBu0.3.2.mp4",
        "xo9p8p6deRI.3.4.mp4",
        "guZ5AxQ6xb0.1.1.mp4",
        "JGiXuXc3cao.2.0.mp4",
        "cdBmwv8-ZBM_1843_1853.mp4",
        "8T1ZTYtfhI0_0836_0841.mp4",
        "oQd3spGMshI_0229_0235.mp4",
        "uQITWbAaDx0_0351_0356.mp4",
        "83d27bcf-e259-4563-a575-64187e3cd7fc.mp4",
        "960efbf5-c401-4a3b-b0e3-ad9fb1ca5d99.mp4",
        "EfwpyMk8U4M_0030_0033.mp4",
        "fcbbbbae-d428-434f-ab3f-abad87598586.mp4",
        "1ec985b9-3d04-4585-a881-3ba2b267ab4d.mp4",
        "pyx07ZXDxEc_0005_0011.mp4",
        "3G2FHsE299A_66_68.mp4",
        "3G2FHsE299A_98_100.mp4",
        "r3q2XXeasAA_80_81.mp4",
        "JGiXuXc3cao.4.3.mp4",
        "FLGCGc7sAUw_16_17.mp4",
        "HjqAI_DDNBs_259_261.mp4",
        "-u5CTkgJVgA_177_179.mp4",
        "98LLOYn_EXA_1395_1399.mp4",
        "fXCfGwUY52g_180_184.mp4",
        "fXCfGwUY52g_81_83.mp4",
        "gqyai4u-JF8_184_186.mp4",
        "BV1x54y1e7zf_1.mp4",
        "FiPrQ40F7qo_1.mp4",
        "gyY5Z0TUWRY_1.mp4",
        "4uGfFYzxWEg.11.4.mp4",
        "ZZbsc6FfJrE.3.mp4",
        "Vm-b2AVwARw.7.0.mp4",
        "CBRwF0LU3Ys.0.6.mp4",
        "Cj6ho1-G6tw.0.19.mp4",
        "hHG1wva1B0w.6.2.mp4",
        "h1PjJ9_Yd2c.0.0.mp4",
        "8LiVGDq01FU.2.3.mp4",
        "6YZW2eeV-6U.2.mp4",
        "4021791.0.1.mp4",
        "VKre9_wM3Mo.5.0.mp4",
        "-2uIa-XMJC0.4.2.mp4",
        "4847.41.1.mp4",
        "5eDQ2SSsmEk.9.1.mp4",
        "oRt5NPY7yYA.3.1.mp4",
        "sKJeTaIEldM.1.1.mp4",
        "awPo_VZabRc.2.3.mp4",
        "LtXUoaZcp70.3.3.mp4",
        "016570694b24f7fefbc284e65d330e11e053542bd6ae8c24194ac0823b82c1eb.1.mp4",
        "vEvBpjCOBu0.6.2.mp4",
        "4uGfFYzxWEg.0.1.mp4",
        "hHG1wva1B0w.0.8.mp4",
        "QYAWxJ8a7RA.4.0.mp4",
        "CjPSzAtLzO8.0.9.mp4",
        "TP_0Vv5F29I.0.0.mp4",
        "B_8bbKn3amE.0.13.mp4",
        "yGsVo0uIJVs.1.5.mp4",
        "_jli4enm3vw.3.mp4",
        "KF5p8VIbt0Y.1.1.mp4",
        "DEypDAnnJL0.2.0.mp4",
        "-2uIa-XMJC0.8.2.mp4",
        "hHG1wva1B0w.7.5.mp4",
        "uWCGK4nneeU.1.1.mp4",
        "JGiXuXc3cao.8.0.mp4",
        "KoJ0Pih0Ssc.5.0.mp4",
        "GdRJCTR1KDQ.0.6.mp4",
        "yGsVo0uIJVs.6.2.mp4",
        "88vmzn_LufA.1.1.mp4",
        "L0zS8z8YqJ8.2.3.mp4",
        "ocLJWCnMhTo.2.4.mp4",
        "yGsVo0uIJVs.4.0.mp4",
        "BNzc6hG3yN4.0.6.mp4",
        "ocLJWCnMhTo.1.8.mp4",
        "ocLJWCnMhTo.1.1.mp4",
        "ocLJWCnMhTo.1.3.mp4",
        "xhrAGJviQJA.0.1.mp4",
        "ocLJWCnMhTo.0.1.mp4",
        "39d6dWSdpLY.0.3.mp4",
        "39d6dWSdpLY.1.1.mp4",
        "VYea_nN8thI.0.1.mp4",
        "mlUKWRnYzR4.0.11.mp4",
        "QaRnEZFM6ZQ.1.0.mp4",
        "JGiXuXc3cao.12.8.mp4",
        "yGsVo0uIJVs.0.2.mp4",
        "GVr8pZmSa-c.0.8.mp4",
        "BKX6EhDrgqQ.5.1.mp4",
        "JpEfHcVrtXI.3.10.mp4",
        "CZ76u0WHXXI_11520_11880.0.0.mp4",
        "Y6Wb8bylSYM.0.2.mp4",
        "KoJ0Pih0Ssc.6.3.mp4",
        "xo9p8p6deRI.3.2.mp4",
        "zu3K-bc67bo.0.0.mp4",
        "bazSwSbo9rU.3.0.mp4",
        "upC8hjr2b4g.1.1.mp4",
        "_ZYHlc2Niaw.1.0.mp4",
        "4uGfFYzxWEg.9.2.mp4",
        "u35WIs62R2M.6.3.mp4",
        "Vm-b2AVwARw.5.2.mp4",
        "eWpsukBVJAI.0.3.mp4",
        "4021791.0.3.mp4",
        "RZs5Hz1klno.0.0.mp4",
        "CBRwF0LU3Ys.0.14.mp4",
        "NZ3Pba3Xsk4.14.4.mp4"
    ]
}